,text_snippet,actual,predicted,P(fake),correct
16995,"EXCELLENT ER RN Opportunity Available Now  Our client, ",0,0,0.1,True
9357,Scrum Master / Website Development Project Manager 352 ,0,0,0.004,True
11561,HR Assistant - Contract Squiz is one of the world's lea,0,0,0.002,True
1105,Regional Sales Director South Africa Upstream’s mission,0,0,0.004,True
1980,Petrophysicist Valor Services provides Workforce Soluti,0,0,0.022,True
17264,Front-End Developer/HTML/JavaScript/CSS Replise was sta,0,0,0.0,True
13052,Software Engineer Offerial is a hospitality technology ,0,0,0.0,True
5549,Customer Service Rep - CoMed Energy Choice Program NY M,0,0,0.002,True
9399,Web ASP.NET/C# Developer (Remote) As a maestro commands,0,0,0.014,True
9333,ANDROID DEVELOPER Zylun is expanding the recruiting lan,0,0,0.028,True
13254,Technical Recruiter Who are We?Aya Healthcare is a top ,0,0,0.016,True
1089,Customer Service Associate - Part Time Novitex Enterpri,0,0,0.0,True
126,Game & Feature Specialist Who is AbZorba Games?Founded ,0,0,0.004,True
7389,Corporate Account Executive Conversocial is a social cu,0,0,0.018,True
4444,Chemical Operator Niacet is a leading producer of organ,0,0,0.002,True
17877,Project Cost Control Staff Engineer - Cost Control Exp ,0,0,0.016,True
11370,"Marketing Coordinator At Hayes-Corp, we create the fun ",0,0,0.018,True
3299,English Teacher Overseas (Conversational) We help teach,0,0,0.0,True
3076,Associate Business Development  Want to build a career ,0,0,0.0,True
13796,Licensed Practical Nurse Phoenix Home Care came to be a,0,0,0.0,True
851,Senior Systems Engineer - DevOps WellAware is an oil fi,0,0,0.008,True
16411,Manufacturing Engineering Manager We Provide Full Time ,0,0,0.0,True
10990,Senior Scala Developer hello worldtalents23_ drives the,0,0,0.01,True
13562,Project Manager-Conversion/Migration Maxnet offers Staf,0,0,0.0,True
743,Software Engineer (Automation) Making Quality Metrics A,0,0,0.004,True
10272,Software/Hardware Engineers Agrospecom is a company wit,0,0,0.006,True
10802,Production Logistician / Liason Novitex Enterprise Solu,0,0,0.016,True
8157,"Full-Time Caregiver (Position C) for a Shy, Sweet Young",0,0,0.01,True
16665,Specialist Curriculum Associate The Learning Lab develo,0,0,0.0,True
12742,Manager of Finance We Provide Full Time Permanent Posit,0,0,0.0,True
14181,"Inside Sales Legion Logistics, LLC is a service-disable",0,0,0.008,True
16555,Account Manager We seek talented individuals to join ou,0,0,0.072,True
9974,FRONT END WEB DEVELOPER Zylun is expanding the recruiti,0,0,0.004,True
13783,Enterprise - Regional Sales Manager - Internet Security,0,0,0.022,True
624,Assistant Training and Quality Development Faciliator T,0,0,0.0,True
16239,"ETL Informatica Developer About clearAvenue, LLCclearAv",0,0,0.038,True
15604,Human Resources Coordinator-Staffing and Records Manage,0,0,0.022,True
7830,Position Finance Assistant  We have positions available,1,0,0.314,False
10121,Legal Billing Coordinator LKM Search Solutions is an Ex,0,0,0.028,True
12749,Front End Developer Filament Labs is building Patient I,0,0,0.0,True
3578,Joomla Developer  Website development using Joomla 3 + ,0,0,0.136,True
14809,"Support Specialist, Weekdays United Cerebral Palsy of O",0,0,0.002,True
10728,"Home Health CNA--Grand Junction, CO Critical Nurse Staf",0,0,0.004,True
14638,Security Analyst  Position : Security AnalystLocation: ,0,0,0.046,True
6972,Customer Coordinator (Part Time) Stokes Automotive Grou,0,0,0.04,True
17316,IntelliBright Sales Consultant IntelliBright was create,0,0,0.0,True
487,Customer Service Associate - Part Time Novitex Enterpri,0,0,0.0,True
464,Global User Acquisition Marketing Manager Our mission i,0,0,0.0,True
15248,Marketing Manager Who are We?Aya Healthcare is a top he,0,0,0.002,True
13588,Retirement Plan Account Manager - Charlotte NFP is a le,0,0,0.008,True
10897,Office Manager - Professional Multi-tasker Airenvy’s mi,0,0,0.004,True
11621,Assistant Cook Priority Care Group are a family run car,0,0,0.016,True
8259,"Materials Manager - SAP data analysis - Greenwood, MS W",0,0,0.02,True
14060,Data Quality Analyst Maker’s Row is an online marketpla,0,0,0.028,True
15009,Freelance Translators (m/f) from Polish and German into,0,0,0.0,True
12128,Partner Platform Manager (Amazon Web Services) Alert Lo,0,0,0.012,True
1010,WF5 9TJ Office Administrator Established on the princip,0,0,0.026,True
1556,Frontend Developer / UI Engineer  ABOUT TURINGTuring is,0,0,0.048,True
711,Product Designer Mossio is a full service digital agenc,0,0,0.006,True
14568,Cyber Intelligence Analyst Internship Scheme Digital Sh,0,0,0.004,True
346,Retail Territory Merchandiser Storesupport can offer yo,0,0,0.004,True
3696,"Senior Bank Mortgage Loan Originators for the NW, India",0,0,0.012,True
13499,Product Support Engineer Cylance is a global cybersecur,0,0,0.0,True
8060,Military Veterans Wanted for Solar Energy Construction ,0,0,0.0,True
1975,Internal Auditor Valor Services provides Workforce Solu,0,0,0.01,True
13991,Driver  »Limo Driver Career InformationJob DutiesLimo d,0,0,0.066,True
12765,General submissions - NYC Kettle is an independent digi,0,0,0.016,True
17098,ASP.NET MVC Full Stack Developer Our MissionOur Mission,0,0,0.002,True
8948,Art Director BillGuard is a personal finance security s,0,0,0.002,True
6576,Graduates: English Teacher Abroad (Conversational) We h,0,0,0.0,True
14022,Senior Digital Account Manager Mindworks interactive is,0,0,0.0,True
12056,UX / UI Designer Joist is a platform for trades contrac,0,0,0.0,True
17670,Customer Service Agent  We are seeking individuals to b,1,1,0.998,True
986,Customer Support Receptionist / Agent Want to build a 2,0,0,0.008,True
2679,Experienced PHP Developer Work is fun when you share a ,0,0,0.048,True
6834,"Senior Web Developer Cardisoft, an innovative and rapid",0,0,0.03,True
5032,Tech Lead- Java/ J2EE About LocationGuru Solutions Pvt.,0,0,0.012,True
8375,Construction Management - South Chicago/IN Advocate Con,0,0,0.002,True
13046,"Home Health RN--Hondo, NM Critical Nurse Staffing, Inc.",0,0,0.002,True
16674,"Appointment Coordinator LEI Home Enhancements, is an Oh",0,0,0.0,True
11223,Experienced Telesales Executive Change Automotive Recru,0,0,0.01,True
2015,Senior Graphic Designer Thanks for visiting our Job Boa,0,0,0.0,True
5318,Routing Engineer We believe cities are complicated. And,0,0,0.002,True
5363,"General Manager WRAYS PHARMACY INC. a/k/a ""Wrays Pharma",0,0,0.01,True
5513,Payroll Data Coordinator Positions - Earn $100-$200 Dai,1,1,1.0,True
16175,Sales Representative with Management Training - DirecTV,0,0,0.0,True
9708,Technical Support Associate AboutPPD Partners provides ,0,0,0.002,True
14583,English Teacher Abroad We help teachers get safe &amp; ,0,0,0.0,True
8450,People & Culture Manager Vend is looking for some aweso,0,0,0.0,True
10801,NYC Field Organizer Farmigo is a mission-driven startup,0,0,0.002,True
7514,Sales Development Representative Fusemachines combines ,0,0,0.004,True
553,"Misc Applications We're an emerging technology agency, ",0,0,0.0,True
9803,"VP, Sales, Marketing and L&T Management - MS, VP, Reg D",0,0,0.022,True
1286,Product & Service Testers Consumer Bucks works with For,0,0,0.03,True
17359,Sr. AV engineer  The AV Engineer in this role will cont,0,0,0.046,True
3488,Inside Sales Representative Randstad Sourceright Sdn. B,0,0,0.014,True
10762,Customer Service Technical Specialist Novitex Enterpris,0,0,0.0,True
15687,Integrated Project Manager (3 month contract) We believ,0,0,0.008,True
6056,Payroll Data Entry Clerk Position - Earn $100-$200 Dail,1,1,0.984,True
1482,Bartender  We are looking for an enthusiastic bartender,0,0,0.058,True
16479,VP Marketing We’ve built revolutionary technology that ,0,0,0.0,True
17272,"Fashion/Lifestyle Account Manager EVH is a fashion, lif",0,0,0.004,True
10714,Customer Service Associate Novitex Enterprise Solutions,0,0,0.034,True
5289,Management - Entry-Level NY Marketing Firm is family-ow,0,0,0.0,True
14090,Business Analyst Money is a person-to-person money tran,0,0,0.014,True
4430,Staff Accountant Tile is one of the most successful cro,0,0,0.006,True
3189,Payroll Data Coordinator Positions - Earn $100-$200 Dai,1,1,1.0,True
7344,Senior System Engineering Manager NETGEAR and Aptitude ,1,1,0.884,True
15884,Insurance Sales Representative Symmetry Financial Group,0,0,0.0,True
14863,Executive Assistants Tile is one of the most successful,0,0,0.0,True
12683,Personal Care Assistant Social Care Alba is the highest,0,0,0.0,True
13912,"Personal Assistant (Position 1) for Friendly, Laidback ",0,0,0.002,True
4687,Principal Proposal Engineer-International StepBeyond So,0,0,0.026,True
15150,"Remote Forex Day Trader Founded in 2009, Blue Point Tra",0,0,0.028,True
11710,"Part Time Staff Needed, Weekend Cash Job.  Part Time St",1,1,0.998,True
3753,Senior Director of Information Technology  TRAK Records,0,0,0.112,True
14791,"Senior Software Developer Traffic Safety Systems, Innov",0,0,0.0,True
7239,HAUSA RADIO PRODUCER Applied Memetics LLC is a professi,0,0,0.006,True
14592,.NET/SITECORE WEB DEVELOPER Interactive Strategies is a,0,0,0.002,True
7145,Accounts Assistant Magpie is a boutique recruitment age,0,0,0.04,True
9544,"Associate Manager of Community Dering Hall, #URL_5f3201",0,0,0.03,True
13582,HR Specialist Valor Services provides Workforce Solutio,0,0,0.058,True
15059,Maintenance Technician We Provide Full Time Permanent P,0,0,0.0,True
8836,Maintenance Specialist As the industry’s largest supply,1,1,0.826,True
6143,Backend Developer hello worldtalents23_ drives the chan,0,0,0.018,True
11583,Full-Cycle Recruiter (Oil & Gas) Valor Services provide,0,0,0.0,True
13013,Independent Travel Agent - payment on commission  You w,0,0,0.086,True
11433,Project Coordinator RSP is a design &amp; manufacturing,0,0,0.012,True
9510,COO/CFO hello worldtalents23_ drives the change in digi,0,0,0.002,True
11877,"Data Engineer At iMATCHATIVE, we believe in the power o",0,0,0.0,True
795,Customer Service Associate Novitex Enterprise Solutions,0,0,0.006,True
5395,CTO - Chief Techology Officer  This role is for a co-fo,0,0,0.124,True
6847,Director of Inside Sales If working in a cubical seems ,0,0,0.002,True
12255,Digital Campaign Manager We are a well established Web ,0,0,0.012,True
4309,Sales Representative We are Netguru and we love to deve,0,0,0.002,True
5929,Chief Accountant At The Practice Group (TPG) we provide,0,0,0.022,True
5491,Senior Quality Assurance Engineer mGage brings 15+ year,0,0,0.014,True
6912,English Teacher Abroad We help teachers get safe &amp; ,0,0,0.0,True
15960,General Application POS-X is a rapidly growing point-of,0,0,0.032,True
913,Organic & Analytical Chemist  SummaryThe Organic &amp; ,0,0,0.07,True
15122,Brand ambassador Being into the IT domain for over 4 ye,0,0,0.018,True
15178,iOS Engineer - StageBloc The story of the Great Chicago,0,0,0.002,True
6804,Home Health Aide Senior Nannies Home Care Services was ,0,0,0.008,True
4436,"Marketing Manager Emergence Capital Partners, based in ",0,0,0.004,True
8106,Frontend Engineer Typeform is a tech start-up which is ,0,0,0.024,True
15850,Chief Marketing Officer Fusemachines combines the power,0,0,0.0,True
15618,Tax Analyst We Provide Full Time Permanent Positions fo,0,0,0.044,True
14079,Beauty & Fragrance consultants needed Established on th,0,0,0.0,True
2608,Pensions Director Designate  We are currently looking f,0,0,0.046,True
4711,Marketing Guru  I have a great product that needs onlin,0,0,0.088,True
2185,Sr.Java Developer jobs in Utah Roland &amp; Associates ,0,0,0.006,True
991,"Backend Java Engineer Mashape is the largest, most traf",0,0,0.004,True
604,Customer Service Team Lead Novitex Enterprise Solutions,0,0,0.0,True
3200,Sales Associate  GraduationSource helps education based,0,0,0.016,True
481,High School Mathematics Teacher The Albany Charter Scho,0,0,0.0,True
10464,Sr Software Engineer (Python/Django) Wiredrive is a fas,0,0,0.0,True
11728,Front End Developer Old St Labs builds disruptive enter,0,0,0.0,True
17679,Home Based Payroll Typist/Data Entry Clerks Positions A,1,1,1.0,True
15812,Search Engine Marketing Supervisor #URL_c379aa631173ed5,0,0,0.004,True
1773,Business Development Manager We're a data and design fo,0,0,0.002,True
13509,"Driven, Strategic Relationship Manager for SaaS Startup",0,0,0.002,True
699,TELESALES Agents Established on the principles that ful,0,0,0.01,True
3868,"Director of Laboratory Services, Hospital  Hospital in ",0,0,0.098,True
3871,PR8 Apprentice Administrator Under NAS 16-18 Year Olds ,0,0,0.0,True
15075,"Director of Product Wiredrive is a fast growing, privat",0,0,0.018,True
7131,Health + Environmental Professional Staffing &amp; Recr,1,1,0.958,True
13245,ARC Manager Tidewater Finance Co. was established in 19,0,0,0.0,True
17648,Vemma Brand Partner  Looking for motivated and hard wor,1,0,0.214,False
5227,Data Analyst Namely is the leading end-to-end HR and pa,0,0,0.008,True
14141,Front End Developer Kettle is an independent digital ag,0,0,0.002,True
14036,Construction Manager  Job OverviewApex is an environmen,0,0,0.006,True
7212,Software QA Engineer PowerbyProxi and its customers are,0,0,0.0,True
15433,Project Manager Namely is the leading end-to-end HR and,0,0,0.004,True
9765,"Sales Professional, Australasia WDM Group is an innovat",0,0,0.0,True
14821,Senior Software Engineer Frustrated with the status quo,0,0,0.002,True
8634,Airframe Design Engineer Vayu builds affordable unmanne,0,0,0.0,True
2746,IT Support Specialist Fairway Technology is an IT consu,0,0,0.068,True
10330,Software Engineer  Making music is easier now than ever,0,0,0.026,True
5377,Product Sourcing QB Medical Inc. is a medical supply di,0,0,0.002,True
12652,Agent-Inbound Customer Service OUR EMPLOYEES DRIVE OUR ,0,0,0.002,True
6742,SCIENTIFIC REPRESENTATIVE (SALES REP)  Scientific infor,0,0,0.096,True
5269,Aberdeen Fragrance and Beauty Promotional Staff Establi,0,0,0.0,True
6462,"SAP Basis Architect Founded by top technical experts, A",0,0,0.01,True
15680,.NET Developer We Provide Full Time Permanent Positions,0,0,0.0,True
14276,Key Account Manager Switzerland  Are you looking for a ,0,0,0.004,True
10729,Senior Front-End Engineer We're an emerging technology ,0,0,0.0,True
4433,Marketing & Growth Ninja Fabrily makes it easy for camp,0,0,0.004,True
9848,English Teacher Abroad We help teachers get safe &amp; ,0,0,0.0,True
17604,Subsea Installation Engineer  Job Description: Candidat,1,0,0.288,False
8472,Account Executive - Boston Our passion for improving qu,0,0,0.0,True
12362,"Growth Marketing Manager Hi, we are dopios“We are here ",0,0,0.002,True
15968,BI Software Developer Trainee (Fresher) Visual BI is on,0,0,0.0,True
14074,Illustrator Space Ape Games is an Award Winning Mobile/,0,0,0.0,True
16173,VP Sales Engagor is a venture backed startup founded in,0,0,0.002,True
12708,"Android Engineer We're an emerging technology agency, a",0,0,0.004,True
5897,"BUSINESS DEVELOPMENT ASSOCIATE, SCANDINAVIA Paymentwall",0,0,0.0,True
16151,Chief Marketing Officer Space Ape Games is an Award Win,0,0,0.004,True
6731,Sales Representative: Web and SaaS PINT is a leader in ,0,0,0.0,True
17267,Software Project Manager  Our client is looking for a p,0,0,0.054,True
6156,Web Developer (ASP.net/SQL/jQuery) Inviting inspiration,0,0,0.002,True
6563,Executive Assistant  Job BriefWe are currently seeking ,0,0,0.102,True
13929,Sales Executive HWL Aluminium (part of the HWL windows ,0,0,0.2,True
6585,"Director of Quality Lightyear Consulting, LLC is a cust",0,0,0.09,True
1464,"Behavioral Assistant Intern Allies In Caring, Inc. is a",0,0,0.0,True
5652,Home Automation and Alarm Sales Office Launch - AT&T Di,0,0,0.004,True
106,Gatwick Customer Service Apprenticeship 16-18 Year Olds,0,0,0.0,True
14446,Senior Big Data Engineer Founded in 2010 by a team from,0,0,0.0,True
8927,"Sr. Manager, Global Solutions Architects Equinix is the",0,0,0.0,True
2090,[PT] Ecommerce Administrator (Digital Editor)  We are a,0,0,0.054,True
17444,Structural CAD Designer - 3D modeling  Structural CAD D,0,0,0.044,True
9379,Core member of a startup in the hospitality industry  E,0,0,0.006,True
9947,Group Financial Controller About the CompanyWe are tick,0,0,0.0,True
3072,Operations Specialists Want to build a 21st century fin,0,0,0.0,True
13484,Training Administrator  Key Responsibilities Proactivel,0,0,0.022,True
15161,Financial Analyst Intercom (#URL_cb674f93cbcd215a3a0a57,0,0,0.0,True
13101,"Entrepreneur Program (6 Months) We design, make and sel",0,0,0.004,True
11197,English Teacher Abroad We help teachers get safe &amp; ,0,0,0.0,True
16566,Ruby on Rails Developer/Programmer  Ruby on Rails Web E,0,0,0.0,True
6968,Web Developer (Marketing) Intercom (#URL_cb674f93cbcd21,0,0,0.0,True
17164,Account Manager we are a digital creative studio focuse,0,0,0.018,True
16455,Data Insights Analyst WHAT WE DOWe create information s,0,0,0.002,True
2448,"Senior Vice President for New Business & Sales, North A",0,0,0.006,True
1104,Freelance Presentation Consultant Propoint provides cus,0,0,0.004,True
9144,Technical Product Development Manager (Web) Hellas Dire,0,0,0.006,True
6337,Trainee Recruitment Consultant RHB Recruitment Ltd is a,0,0,0.006,True
1124,Senior Account Manager  BackgroundThe company is a lead,0,0,0.016,True
14080,Graphic Designer Live It China Limited (#URL_0389a2a744,0,0,0.012,True
13346,Food & Beverage Manager (Alexandria - Egypt) Optimal Bu,0,0,0.0,True
13274,Linux System Administrator  UnoTelly is seeking an awes,0,0,0.014,True
5236,Product Marketing Director mHealth SocialWellth is a La,0,0,0.012,True
6909,English Teacher Abroad We help teachers get safe &amp; ,0,0,0.0,True
16177,Controller MedTalent is a modern staffing company that ,0,0,0.006,True
13539,"Junior Account Executive - Sacramento, CA Our passion f",0,0,0.002,True
6603,Marketing Intern G3 Communications is a fast-growing B2,0,0,0.02,True
12511,Truck Driver - CDL Truck Driver - Truck Driving Jobs Ha,0,0,0.0,True
13921,Technical Support Located in the heart of downtown Kans,0,0,0.018,True
11034,Customer Service Technical Specialist - Part Time Novit,0,0,0.0,True
9465,Full stack Ruby on Rails developer  How do you know whe,0,0,0.01,True
12973,Director of Finance Casper is a sleep startup that re-i,0,0,0.004,True
2289,UI UX Designer If working in a cubical seems like your ,0,0,0.008,True
16304,Operations Support With an exceptional record of over 5,0,0,0.024,True
10288,Digital Marketing Lead - Kahoots The story of the Great,0,0,0.01,True
7938,Broker Manager MarketInvoice is one of the most high-pr,0,0,0.006,True
12686,Addiction and Mental Health Counsellor Since 1973: Work,0,0,0.0,True
7149,Recruitment Officer Ryanair is Europe’s favourite low f,0,0,0.002,True
10206,Front End Developer We’re always looking for highly mot,0,0,0.0,True
2926,"Social Marketing Manager At FutureLearn, we want to ins",0,0,0.014,True
8938,Graduates: English Teacher Abroad (Conversational) We h,0,0,0.0,True
8395,Sales/Marketing Representative Tidewater Finance Co. wa,0,0,0.0,True
7856,Sale Representatives Providing luxurious menswear such ,0,0,0.0,True
11296,Sales Representative with Management Training - AT&T Ar,0,0,0.0,True
10763,Serverside/PHP Engineer Synapse Games is exploding onto,0,0,0.002,True
4846,English Teacher Abroad We help teachers get safe &amp; ,0,0,0.0,True
11978,SQL Server Database Developer Job opportunity at Barrin,0,0,0.008,True
5730,Web Developer We started making apps the day App Store ,0,0,0.0,True
9500,Senior Accountant Smart Search delivers executive searc,0,0,0.01,True
1149,Graduates: English Teacher Abroad (Conversational) We h,0,0,0.0,True
16203,Community Manager Keycafe is the leading key exchange s,0,0,0.0,True
12061,PeopleSoft Developer We Provide Full Time Permanent Pos,0,0,0.01,True
13105,"Brand Communicator Meet cove, a network of neighborhood",0,0,0.008,True
882,Service Champion Full-time and Part-time  Normal 0 fals,0,0,0.028,True
7261,Expera Infrastructure Consultant  Expera is looking for,0,0,0.034,True
8545,Marketing Associate The smarter way to investPicking fr,0,0,0.0,True
10709,Senior Ruby on Rails Developer Bandsintown is a digital,0,0,0.03,True
5563,"Office Assistant  We have an opening for a energetic, s",0,0,0.24,True
3617,Design Engineer Metrology ClarusApex is an internationa,0,0,0.006,True
12064,Application Developer We Provide Full Time Permanent Po,0,0,0.0,True
15046,"Full Stack Senior Developer - Java Web App, Javascript ",0,0,0.0,True
1797,Senior C++ Developer Windows  Netop is actively searchi,0,0,0.044,True
4908,English Teacher Abroad (Conversational) We help teacher,0,0,0.0,True
1040,"Hotel Housekeeper At Holiday Inn Express Sping Mills, F",0,0,0.004,True
7941,Graduates: English Teacher Abroad (Conversational) We h,0,0,0.0,True
10707,Javascript Frontend Developer Rarely Impossible exists ,0,0,0.0,True
6671,QA - QTP Automation Engineer - Descriptive Programming ,0,0,0.046,True
1372,Field Service Manager (Hydraulic Fracturing) Valor Serv,0,0,0.0,True
15983,"Director of Marketing  Reporting to the President, this",0,0,0.014,True
4538,Development Director The Albany Charter School Network ,0,0,0.004,True
3836,Sales Manager / Sales Associate Live It China Limited (,0,0,0.01,True
6365,"Account Manager  Account Manager, ChinaAperto Asia is a",0,0,0.022,True
5794,Texas Communication Assistant Why CSD?CSD is not only a,0,0,0.0,True
14162,Bradford Office Assistant Apprenticeship Under NAS 16-1,0,0,0.0,True
12104,Production Manager Heavy Duty Diesel 2022  2022Job Titl,1,0,0.434,False
741,Senior Engineer (Dev ops) We build software for fashion,0,0,0.004,True
13288,Licensed Practical Nurse - Part-time (Asheville & Weave,0,0,0.0,True
8515,Customer Care Agent (Night Shift with Spanish) ding* is,0,0,0.0,True
9461,Android Mobile Software Engineer grandPad is the safest,0,0,0.004,True
11807,Senior Digital Designer Squiz is one of the world's lea,0,0,0.0,True
12504,Customer Service Associate - Part Time Novitex Enterpri,0,0,0.0,True
1347,Customer Service Associate Novitex Enterprise Solutions,0,0,0.0,True
14152,Talent Management Process Manager We Provide Full Time ,0,0,0.0,True
2532,"OF | UI DESIGNER, MOBILE APP Kettle is an independent d",0,0,0.02,True
4133,Insurance Sales Representative Symmetry Financial Group,0,0,0.0,True
3150,Web Software Engineer / Developer PINT is a leader in t,0,0,0.0,True
10033,Fall Public Affairs Internship Our work at HPS is colla,0,0,0.008,True
14854,Lead Product Designer We believe that the future of ban,0,0,0.0,True
343,Quality Assurance (QA) Engineer Unify — formerly known ,0,0,0.002,True
15635,Administrative Assistant KatalystFP is a Specialty Fina,0,0,0.042,True
13330,Web Project Manager Squiz is one of the world's leading,0,0,0.004,True
8428,"HPC Parallel I/O & Lustre Expert Based in Houston, Texa",0,0,0.04,True
9766,Sales Associate  Costco - Wireless Etc…Sales Consultant,0,0,0.088,True
12380,Software Engineer We Provide Full Time Permanent Positi,0,0,0.0,True
3284,"Project Porfolio Director ELECTRON, founded in 1989 is ",0,0,0.008,True
7225,Customer support for e-shop with decorative objects.  1,0,0,0.04,True
2363,Promotional Sales Representative SDI Marketing started ,0,0,0.0,True
6802,Brand Designer & Illustrator Intercom (#URL_cb674f93cbc,0,0,0.018,True
10067,"Manufacturing Engineer - Aiken, SC We Provide Full Time",0,0,0.03,True
7546,Call Center Supervisor Tidewater Finance Co. was establ,0,0,0.0,True
16260,Chauffeur for Private Transportation Company Services B,0,0,0.054,True
2550,Senior Software Engineer HealthLink provides a computer,0,0,0.004,True
17655,"Controls Engineer - Troy, MI Systems Technology Interna",1,1,0.502,True
7235,"Director, Research & Evaluation The Intersect Fund is a",0,0,0.006,True
12113,Quality Assurance Manager We Provide Full Time Permanen,0,0,0.0,True
13621,Digital Brand Architects Community Manager Digital Bran,0,0,0.018,True
12597,MBA Intern We’ve built revolutionary technology that is,0,0,0.0,True
12757,Regional Manager Our mission is to bring the world's be,0,0,0.0,True
717,UX Designer Depop is an exciting new mobile marketplace,0,0,0.002,True
13747,Application Developer We Provide Full Time Permanent Po,0,0,0.0,True
6674,SMALL ENGINE EQUIPMENT TECHNICIAN  Growing middle Tenne,0,0,0.136,True
6655,Data Modeler - SQL Data Modeling Agile Scrum Erwin - Wa,0,0,0.044,True
15823,Writer and Content Producer for Early-Stage Startup | S,0,0,0.002,True
14107,"International Broadcaster, Shona language Applied Memet",0,0,0.0,True
4322,Senior Digital Producer Tailor is a digital agency spec,0,0,0.004,True
2990,iOS Developer - 640 Labs The story of the Great Chicago,0,0,0.0,True
11725,Consignor Relations Representative The RealReal is chan,0,0,0.0,True
12699,Business Development Associate Who are We?Aya Healthcar,0,0,0.002,True
2862,PHP / LAMP / Magento / Symfony / Zend Developer Wedo is,0,0,0.0,True
7351,Lua developer Eviture is a professional services firm t,0,0,0.004,True
2598,"Best Buy - Director, Pricing Strategy and Capability De",0,0,0.034,True
2400,Summer Internship Program: Quality Assurance Engineer i,0,0,0.012,True
833,Backend Developer PHP/Symfony2 Mention changes the way ,0,0,0.002,True
9210,Technical Project Manager MaxPlay™ is a cross-platform ,0,0,0.0,True
5308,"VP/General Manager, US Depop is an exciting new mobile ",0,0,0.002,True
4478,Controls Engineer- Programming & Debug of PLC- Automoti,0,0,0.064,True
2777,Outreach Coordinator (part time evening and weekend)  B,0,0,0.018,True
16968,"Sales Lead Generator LEI Home Enhancements, is an Ohio ",0,0,0.0,True
5445,Graduate Strategist Founded in 2010 by a team from Goog,0,0,0.0,True
6379,Managing Consultant - Energy - Upstream - null RHB Recr,0,0,0.016,True
6248,Sales Representative  Contact info: Ignacio Crivaro #EM,0,0,0.046,True
6782,Application Developer Web Technologies Collabera is a f,0,0,0.002,True
14725,"Field Operations Specialist Working at FBNAt FBN, we pu",0,0,0.0,True
11095,Customer Service Associate - On Call Novitex Enterprise,0,0,0.0,True
17549,Sales manager  Collaborates with [Insert title] in esta,1,0,0.152,False
13530,Beauty & Fragrance consultants needed Established on th,0,0,0.0,True
2607,Headhunter  Headhunter - Sales Consultant - Real Estate,0,0,0.04,True
1981,Sr Customer Care Executive  US Outbound processfixed sh,0,0,0.098,True
13563,Sales Development Representative At HoneyBook we’re re-,0,0,0.0,True
17628,Cruise Staff Wanted *URGENT*  6* Ultra Luxury American ,1,1,1.0,True
11102,Graduates: English Teacher Abroad We help teachers get ,0,0,0.0,True
14382,Sales Rep for AT&T Solutions Provider - Management Trai,0,0,0.0,True
1923,Finance and Legals Manager  Finance and Legals manager ,0,0,0.028,True
495,Customer Service Associate - Part Time Novitex Enterpri,0,0,0.0,True
15456,Digital Copywriter Vend is looking for some awesome new,0,0,0.0,True
2802,Outbound Sales - Telemarketing for Healthcare IT  Outbo,0,0,0.0,True
14479,"Networking Engineer At McLane Intel, we believe that ev",0,0,0.0,True
5182,Retail Associate As one of the world’s leading staffing,0,0,0.0,True
8075,Open positions Outstanding Member Service Starts With O,0,0,0.05,True
3257,Support Analyst - Level 2  Athens Technology Center SA ,0,0,0.01,True
6047,Summer 2015 Intern Praxis Life Sciences is a dynamic pr,0,0,0.046,True
17354,Inside Sales Account Executive We live in an increasing,0,0,0.0,True
10221,Marketing Strategist Who are we?Creators Lab (aka #URL_,0,0,0.0,True
12036,Ruby on Rails Developer - Backend Daily Secret is one o,0,0,0.0,True
15948,"Machine Builder Supervisor - Spring Lake, MI We Provide",0,0,0.052,True
889,Style Ambassador: Fashion & Retail Marketing (Bloggers ,0,0,0.02,True
7698,Part-time Local Coordinator for highschool Exchange Stu,0,0,0.01,True
3308,"Director, Food Safety and Quality Assurance  The Food S",0,0,0.058,True
5189,"Pharmaceutical Sales (Nashville, TN) As one of the nati",0,0,0.0,True
2499,General Manager - San Diego Shyp is the easiest way to ,0,0,0.0,True
2058,Mirfield Warehousing Apprenticeship Under NAS 16-18 Yea,0,0,0.0,True
8250,Head of Community Seedcamp is Europe's leading micro-se,0,0,0.002,True
7285,"HVAC Service Tech - $1,000 Bonus Available Hawkeye Recr",0,0,0.018,True
13919,"Plumber Helper - $1,000 Bonus Available Hawkeye Recruit",0,0,0.012,True
9661,.NET Integration Engineer Our MissionOur Mission is to ,0,0,0.002,True
2401,Environmental Specialist Valor Services provides Workfo,0,0,0.122,True
13746,Coherent array imaging MERL's internship program gives ,0,0,0.0,True
11067,Android Engineer Ryanair is Europe’s favourite low fare,0,0,0.002,True
4801,"Branch Manager  Westview Financial Services, located in",0,0,0.0,True
2260,Data analysis executive Founded by serial entrepreneur ,0,0,0.002,True
6859,Drupal Developer  Working with a team to create compell,0,0,0.076,True
8019,Programming and Game Design Instructor The Pixel Academ,0,0,0.0,True
3533,Assistant for Worship Trinity Presbyterian Church is a ,0,0,0.008,True
13158,"Speech Therapist, CCC-SLP (Early Intervention Opportuni",0,0,0.028,True
7333,"Sales Coordinator Based in the South of England, Sentio",0,0,0.012,True
3285,"Head of Supply Sales, EMEA Axonix is a global mobile ad",0,0,0.002,True
7850,EROAD - Application Form EROAD was established to moder,0,0,0.01,True
7995,"Game Studio Manager At Hayes-Corp, we create the fun st",0,0,0.016,True
15867,Full Stack Engineer BillGuard is a personal finance sec,0,0,0.01,True
9475,Programme Facilitator: Young People Arrival Education i,0,0,0.002,True
3353,Clearview Energy has Expanded to Houston and We Need Di,0,0,0.016,True
16679,Urgent Need :Oracle Developer for Bahrain. VAM SYSTEMS ,0,0,0.02,True
14711,Full Stack Developer (Mid Level)  What we are doing:Tal,0,0,0.036,True
3113,"International Broadcaster, Khmer Service Applied Memeti",0,0,0.0,True
10192,Technical Support Associate AboutPPD Partners provides ,0,0,0.002,True
13282,Branding & Marketing Communications Lead for Social Imp,0,0,0.002,True
16185,Buyer We Provide Full Time Permanent Positions for many,0,0,0.0,True
4401,Full Stack API/Services Engineer Shyp is the easiest wa,0,0,0.0,True
4982,UX Designer Capoo provide talent consultancy for fast g,0,0,0.002,True
7593,JavaScript/UI developer ClarusApex is an international ,0,0,0.002,True
13511,Beauty & Fragrance consultants needed Established on th,0,0,0.0,True
11498,Office Administrator Flite delivers ad innovation at sc,0,0,0.01,True
9420,Inside Sales Ideal CRM is a sales consulting firm focus,0,0,0.008,True
12595,Marketing // Brand Manager At LendInvest fundamentally ,0,0,0.0,True
11070,"Administrative Assistant Novitex Enterprise Solutions, ",0,0,0.064,True
8997,Senior JAVA Developer  You will collaborate with the te,0,0,0.058,True
790,"Dance Instructor-Tumbling, Cheer/Pom  Seeking a creativ",0,0,0.038,True
15386,Associate Luxury Manager The RealReal is changing the w,0,0,0.124,True
4459,English Teacher Abroad We help teachers get safe &amp; ,0,0,0.0,True
1590,English Teacher Abroad We help teachers get safe &amp; ,0,0,0.0,True
5278,Registered Pharmacy Technician WRAYS PHARMACY INC. a/k/,0,0,0.016,True
11253,Account Manager Maker’s Row is an online marketplace th,0,0,0.002,True
6707,Senior Software Engineer Ευκαιρίες Εργασίας στο #URL_a3,0,0,0.03,True
9972,Controller  About the Company: EventBoard (#URL_d92e566,0,0,0.004,True
4460,UI/UX Front End Web Developer Quantate provide IT solut,0,0,0.002,True
10637,Associate  Scale Venture Partners (ScaleVP) invests in ,0,0,0.034,True
3335,Translation Project Manager  An international translati,0,0,0.006,True
74,Call Attendant - Part Time Novitex Enterprise Solutions,0,0,0.002,True
1844,Inside Sales Manager Founded in 2010 by a team from Goo,0,0,0.0,True
9021,CR0 4XH Service Receptionist Apprenticeship government ,0,0,0.004,True
9569,HMI Software Engineer Neusoft America is a division of ,0,0,0.004,True
12401,Software Engineer /C# - UK  Our client based in Liverpo,0,0,0.06,True
6429,English Teacher Abroad (Conversational) We help teacher,0,0,0.0,True
9215,Analist / Projectleider  Crosspoint solutionsCrossPoint,0,0,0.006,True
580,Customer Service Associate Novitex Enterprise Solutions,0,0,0.004,True
8021,Sr Java Developer/Lead/Architect  12-15 years of experi,0,0,0.024,True
1339,"Animal Care Technician  Daily care, cleaning, feeding a",0,0,0.078,True
1661,Energy Practice Leader  Mavericks7 seeks experienced bu,0,0,0.034,True
17277,Business Development Manager MarketInvoice is one of th,0,0,0.0,True
3838,Copywriter/ Content Development Manager / Editor Live I,0,0,0.02,True
5268,Sales Manager - Poland  Moosend is expanding its team a,0,0,0.002,True
17317,Android Developer  IFAT Group is a leading Israeli comp,0,0,0.032,True
6028,Office Administrator and Personal Assistant Frustrated ,0,0,0.008,True
16957,"Appointment Setter avg. 1,000-1,100 weekly Plus Commiss",0,0,0.0,True
16885,Customer Success Manager Debtor Daddy is the leading De,0,0,0.018,True
9970,Visual UI Designer 47Billion is a Product engineering a,0,0,0.0,True
13784,QA Engineer Our CompanyAdcash® is an international adve,0,0,0.022,True
13385,Sr. Product Marketing Strategist Our passion for improv,0,0,0.002,True
2636,Cloud Architect Pioneering advanced analytics vendor Ra,0,0,0.01,True
2045,Senior Territory Manager Recombine provides clinical ge,0,0,0.0,True
14953,"Blipp Developer As augmented reality jobs go, one at Bl",0,0,0.0,True
10359,Customer Service Associate Novitex Enterprise Solutions,0,0,0.0,True
11492,"Project Manager Founded in 1974 in Canada, and in 1985 ",0,0,0.016,True
38,"Art Director We're an emerging technology agency, and w",0,0,0.0,True
9141,Engagement Manager(Cameroon) Upstream’s mission is to r,0,0,0.0,True
17416,Senior Web Developer (Back End/Infrastructure) Offerial,0,0,0.0,True
11391,House and Office Cleaners / Housekeepers FT/PT Hedge yo,0,0,0.002,True
10886,QA Automation Engineer - SpotHero The story of the Grea,0,0,0.002,True
13909,Senior Java Developer/Architect EUROPEAN DYNAMICS (#URL,0,0,0.008,True
10743,"Messenger Courier Novitex Enterprise Solutions, formerl",0,0,0.0,True
193,Sales and Operations Associate TrueGreece is a leading ,0,0,0.04,True
10098,Retail Assistant Everyman stationery Store We are a sta,0,0,0.022,True
410,Systems engineer / network administrator Viva Online Se,0,0,0.0,True
1408,Front End Developer In Discoveroom we have a grand visi,0,0,0.046,True
15580,Electrical Maintenance Technician - Major States We Pro,0,0,0.002,True
11321,Accounts management trainee Being into the IT domain fo,0,0,0.01,True
11305,"Assistant Manager  Westview Financial Services, located",0,0,0.0,True
12594,Senior PHP Developer 2.5 years ago when we started on t,0,0,0.024,True
2146,PHP w/ Laravel Developers Zylun is expanding the recrui,0,0,0.022,True
5618,Home Automation and Alarm Sales Office Launch - AT&T Di,0,0,0.014,True
398,VP of Product Founded in 2009 by early LinkedIn employe,0,0,0.008,True
13496,Account Manager Our mission is to bring the world's bes,0,0,0.0,True
7361,Inbound Retail Sales + Service  Our Inbound Sales Assoc,0,0,0.172,True
3817,"Legal Services Clerk / Immigration Consultant, Downtown",0,0,0.032,True
8357,PURPOSE: Copywriters We are not your average Monday mai,0,0,0.018,True
16259,Web Developer (m/f)  ABOUT US: Our brand WeltSparen is ,0,0,0.02,True
13391,"Human Resources Assistant Newmedica is a dynamic, innov",0,0,0.002,True
8884,Call Center Supervisor Tidewater Finance Co. was establ,0,0,0.0,True
4339,Principal Consultant - Oracle Hyperion Financial Manage,0,0,0.044,True
4122,Chief Operating Officer MarketInvoice is one of the mos,0,0,0.0,True
8971,"Analyst Our work at HPS is collaborative, centered on a",0,0,0.002,True
568,English Teacher Abroad We help teachers get safe &amp; ,0,0,0.0,True
4318,Entry Level Sales  General Summary: Achieves maximum sa,0,0,0.0,True
15505,Packing Expert - Miami Shyp is the easiest way to send ,0,0,0.014,True
1418,Gargrave Customer Service Apprenticeship Under NAS 16-1,0,0,0.0,True
3161,Client Care Specialist - Criminal Justice Pardon Servic,0,0,0.032,True
3612,Junior Presenter for the EUROPEAN OUTDOOR FILM TOUR hel,0,0,0.028,True
4512,45 min Veteran Interview - $100 gift card  Make the Con,0,0,0.04,True
2630,Software Engineer schooX is a Social Academy where anyo,0,0,0.008,True
16937,Hiring 8-10 Reps by Monday- Customer Service/Sales LEI ,0,0,0.0,True
418,Customer Service Technical Specialist Novitex Enterpris,0,0,0.02,True
5125,Business Development & Sales Consultant  Our company is,0,0,0.046,True
11635,Flight Operations Rostering Manager Ryanair is Europe’s,0,0,0.012,True
9509,Advanced Analytics Architect WHO WE ARE? MILLER &amp; A,0,0,0.0,True
10335,Mission Operations / Open Positions Medopad is the lead,0,0,0.002,True
5655,Customer Service Technical Specialist Novitex Enterpris,0,0,0.002,True
521,Graduates: English Teacher Abroad We help teachers get ,0,0,0.0,True
11320,Part Time Cleaner- Ann Arbor Area Populist Cleaning Co.,0,0,0.002,True
12048,"Senior Implementation Specialist We design, build, sell",0,0,0.002,True
14598,"Digital Sales Manager Propoint provides custom, visual ",0,0,0.0,True
16797,Customer Support Team Member  Our Company currently has,0,0,0.148,True
11429,File Clerk The best word to describe PCP’s culture is P,0,0,0.026,True
13683,Human Resources Manager We Provide Full Time Permanent ,0,0,0.0,True
10655,WordPress Master (Programmer) The most affordable and e,0,0,0.028,True
8567,Customer Service Associate Novitex Enterprise Solutions,0,0,0.0,True
16182,Fashion Industry Sales Rep Printfresh is a leading fash,0,0,0.03,True
15611,Back-End Developer Who are we?Creators Lab (aka #URL_28,0,0,0.0,True
10303,Search Marketing Specialist Workable is a venture-backe,0,0,0.008,True
14249,SAP ABAP Developer  Position: SAP ABAP DeveloperSeattle,0,0,0.026,True
9474,Senior Producer / Technical Project Manager The Technic,0,0,0.0,True
12066,Director of Operations - Weave The People The story of ,0,0,0.0,True
4219,Sr. Business Analyst  Sr. Business AnalystThe Senior Bu,0,0,0.096,True
5013,Software Engineer - Computer Vision Premise is building,0,0,0.004,True
14192,Photoshop Production Manager TaskUs provides outsourced,0,0,0.002,True
10738,Front End JS Developer  We’re looking for a kickass Jav,0,0,0.024,True
3536,English Teacher Abroad We help teachers get safe &amp; ,0,0,0.0,True
11789,Senior Software Engineer - Android WellAware is an oil ,0,0,0.012,True
155,Customer Service Professional - Property Management Ind,0,0,0.07,True
7921,Part-time Administrative Help LetterStream is an innova,0,0,0.01,True
13738,Freelance Translators (m/f) from Brazilian Portuguese a,0,0,0.004,True
3605,Business Development Manager CallCentre People Recruitm,0,0,0.01,True
11452,SDS Author - Technical Writer - Data Sheet Valor Servic,0,0,0.02,True
1150,Internship at E-Commerce Start-Up in NYC  New York City,0,0,0.05,True
7177,Fraud Detection Analyst As the industry’s largest suppl,1,1,0.702,True
6537,Bulgarian operations reps Viva Online Services is the l,0,0,0.0,True
5062,Intern - Building and Sustainability Analyst SHS was th,0,0,0.014,True
1817,CAD Design Engineer Sytrics is a start-up venture of a ,0,0,0.012,True
10610,"Software Engineer We design, build, sell, and service t",0,0,0.002,True
17652,Clerical Assistant  The Clerical Assistant will be resp,1,0,0.372,False
16671,Entry Level CSR Wanted $22.50/HR PLUS Commissions LEI H,0,0,0.0,True
10107,Retail Assistant / Experienced eBay Sales Everyman stat,0,0,0.006,True
3719,Mobile Engineer - Android TidePool is a Quantified Self,0,0,0.006,True
17591,Home Based Payroll Typist/Data Entry Clerks Positions A,1,1,1.0,True
16548,Title Insurance: Commercial Underwriting Counsel #URL_e,0,0,0.004,True
15476,General Counsel MarketInvoice is one of the most high-p,0,0,0.006,True
7952,Durham Recruitment Consultant Assistant Apprenticeship ,0,0,0.002,True
10285,Customer Service Associate Mail and Copy - Part Time No,0,0,0.016,True
5422,Sales & Marketing Trainee Optimy is a fast-growing comp,0,0,0.0,True
17514,Web Graphic Designer  Love Design? Enjoy expressing you,0,0,0.036,True
11368,Salesforce Project Lead  Title: Salesforce Project Lead,0,0,0.046,True
14575,Driver - Light Duty (Seattle) Our HistoryFounded in 192,0,0,0.0,True
12114,General submissions - San Francisco Kettle is an indepe,0,0,0.016,True
15147,Account Executive Engagor is a venture backed startup f,0,0,0.0,True
15292,English Teacher Abroad We help teachers get safe &amp; ,0,0,0.0,True
2712,Administrative Assistant I Volunteers of America is a f,0,0,0.236,True
1248,Payroll Tax Analyst Namely is the leading end-to-end HR,0,0,0.004,True
3504,Secondary Social Studies Teacher The Albany Charter Sch,0,0,0.0,True
7073,Project Engineer Middle East Recruitment is a specializ,0,0,0.006,True
547,Software Engineer - Infrastructure Systems Zaius is a d,0,0,0.002,True
16300,Purchasing Admin Assistant With an exceptional record o,0,0,0.006,True
10942,Interested in Joining the Seabourne Team Can data be a ,0,0,0.002,True
15700,Developer At Founders we create companies. We are are a,0,0,0.002,True
12228,Internal IT Desktop Support Engineer Babbel enables any,0,0,0.024,True
7723,Canvassers  NOW HIRING - CANVASSING FOR HOME IMPROVEMEN,0,0,0.112,True
12396,"Art Director We're an emerging technology agency, and w",0,0,0.0,True
8074,Above the Line Specialist  The Above The Line Specialis,0,0,0.066,True
4173,Accounts & Marketing Associate Director  A few words on,0,0,0.084,True
13243,"Marketing Intern As a growing and successful startup, C",0,0,0.0,True
11520,Team Assistant Marketing Babbel enables anyone to learn,0,0,0.016,True
7237,Sales Consultant  I am looking for a few women to join ,0,0,0.12,True
3925,IS Tester EUROPEAN DYNAMICS (#URL_c66532ffa1ce76ab447da,0,0,0.0,True
1373,Business Development Director hedgehog lab is a post-PC,0,0,0.002,True
13009,"Security Manager - Linux Oracle CISSP - Minneapolis, MN",0,0,0.018,True
10823,"Outside Sales Professional-Livonia ABC Supply Co., Inc.",0,0,0.0,True
5258,Client and Credit Consultants  Responsibilities:You wil,0,0,0.144,True
12412,Graphic Designer If working in a cubical seems like you,0,0,0.004,True
17619,JOB VACANCY IN ST.ERMIN'S HOTEL LONDON  St. Ermin's Hot,1,0,0.31,False
8491,Social Media Manager Shyp is the easiest way to send an,0,0,0.0,True
13652,Direct Support Professional MRSI is a nonprofit organiz,0,0,0.008,True
17431,SA807: Object detection and embedded vision MERL's inte,0,0,0.008,True
4587,Project Executive / Research Analyst Wine Intelligence ,0,0,0.002,True
4593,Code Compliance Officer The Accion story began more tha,1,1,0.712,True
9039,"Reporter ""Private Equity International"" PEI Media (#URL",0,0,0.008,True
16167,Senior DevOps Engineer Who are Duco?We are a modern sof,0,0,0.0,True
11286,Graphic Designer (Augmented Reality and Mobile) As augm,0,0,0.0,True
2143,Clinic Receptionist/Administrator CallCentre People Rec,0,0,0.014,True
12094,Sales Rep for AT&T Solutions Provider - Management Trai,0,0,0.0,True
6583,Bournemouth Fragrance/Beauty Promotional Staff Needed E,0,0,0.0,True
6897,Web Design and Media Production Assistant NESCO Rentals,0,0,0.036,True
16036,Junior Product Specialist with Russian (Top MiniGun!) O,0,0,0.006,True
17343,Managing Director Blueprint Health is the premier healt,0,0,0.002,True
12212,Production Coordinator / Purchasing  The focus of this ,0,0,0.122,True
3129,iOS/Mobile Developers Vend is looking for some awesome ,0,0,0.0,True
4649,Sales/Dealer Representative Tidewater Finance Co. was e,0,0,0.0,True
13151,Business Development Manager MarketInvoice is one of th,0,0,0.0,True
7579,Web Developer/ Designer/ Techy  neXVel is looking for a,0,0,0.03,True
12547,"Web Engineer At Hayes-Corp, we create the fun stuff. Wi",0,0,0.0,True
17103,Head of Marketing - Netlog Arabic site (Dubai based) Ma,0,0,0.022,True
15846,Sales & Marketing Assistant Optimal Business Action was,0,0,0.0,True
3462,Online Marketing Manager  CVR Marketing Job Description,0,0,0.098,True
10961,Lead Software Engineer - Web Aptitude Staffing Solution,1,1,0.976,True
15299,English Teacher Abroad We help teachers get safe &amp; ,0,0,0.0,True
7722,Backend Developer (Ninja) Pollfish is a technology comp,0,0,0.032,True
9000,Account Executive - NYC NFP is a leader in the delivery,0,0,0.004,True
7683,Inbound Online Marketer / Growth Hacker at Epignosis St,0,0,0.0,True
7254,Country Manager Norway  What is Casumo? Casumo as a com,0,0,0.022,True
9017,Customer Service Associate Novitex Enterprise Solutions,0,0,0.018,True
15107,Inventory Mgmt Analyst  Description The successful cand,0,0,0.204,True
12847,Director - Leader in e-sourcing The MarketMaker4 leader,0,0,0.002,True
2349,Business Development Executive Spain ding* is the world,0,0,0.0,True
2855,"Senior Graphic Artist, English Service Applied Memetics",0,0,0.004,True
8893,UX Designer - Birmingham The Beans Group is a media com,0,0,0.0,True
946,Software Engineer Intercom (#URL_cb674f93cbcd215a3a0a57,0,0,0.004,True
17197,Senior and Junior Flash Games Application Developer Sta,0,0,0.0,True
2246,Recruiter/HR  Recruiter/HR• Psychology Grad • With expe,0,0,0.006,True
10661,UX / UI Designer (Retail Labs) We experiment with new d,0,0,0.002,True
10003,Insurance Administrator Tidewater Finance Co. was estab,0,0,0.002,True
3180,Head of Treasury Upstream’s mission is to revolutionise,0,0,0.006,True
4902,Product Specialist / Blippbuilder Brain As augmented re,0,0,0.0,True
1500,PHP / Drupal Developer  Work for a dynamic and challeng,0,0,0.014,True
3944,Collections Supervisor Tidewater Finance Co. was establ,0,0,0.0,True
6824,Appointment Setters We are a digital marketing agency w,0,0,0.012,True
15117,English Teacher Abroad We help teachers get safe &amp; ,0,0,0.0,True
1813,Mechanical Assembly & Test Technician Aker Solutions is,1,1,0.934,True
9089,Senior Product Designer Founded in 2010 by a team from ,0,0,0.0,True
16064,Service Account Manager Virteva delivers managed IT ser,0,0,0.002,True
896,"Front-End Web Developer An independent award winning, i",0,0,0.002,True
4537,Provisions Food Stylist & Sourcing Associate We're Food,0,0,0.0,True
8091,Web Developer Existanze Integrated Solutions was founde,0,0,0.008,True
3791,Symfony Developer / System Admin VouchedFor is a highly,0,0,0.0,True
12351,Business Intelligence Developer - Analyst  Business Int,0,0,0.052,True
14240,Business Development Manager - Sales Marketing Exp - Pr,0,0,0.008,True
13463,Clinical Systems Implementation Engineer REWARDING WORK,0,0,0.012,True
15208,Ntynomai.gr Associate Η Atnet Communications A.E. είναι,0,0,0.018,True
4373,"Java Developer- JavaScript, J2EE & DOT.NET  Job Descrip",0,0,0.008,True
8280,Hotel entertainer  We are looking for Hotel etertainers,0,0,0.078,True
311,Customer Service Associate - Part Time Novitex Enterpri,0,0,0.0,True
5569,"Business Banker III-Pittsburgh,PA About The Symicor Gro",0,0,0.004,True
15177,Design Internship MediaMonks is the biggest creative di,0,0,0.0,True
16909,"Customer Service Positions LEI Home Enhancements, is an",0,0,0.0,True
8550,Production Manager  Reporting to the VPs of Development,0,0,0.036,True
7755,Character Designer PowToon (#URL_84da40102d63eebf414f14,0,0,0.0,True
10665,Sales Executive Dice is a highly specialized online mar,0,0,0.0,True
6551,Database Analyst  DATABASE MARKETING ANALYST - UP TO $5,0,0,0.018,True
13428,Mobile Applications Engineer Threenitas S.A. is a digit,0,0,0.008,True
15676,Application Support Analyst Sparkol is a growing softwa,0,0,0.0,True
8208,Graduate Marketing Executive Take Out Brands is a food ,0,0,0.0,True
6679,Inside Sales Representative Can data be a thing of beau,0,0,0.004,True
9781,Security Guard  Tullow Oil Limited require the services,0,0,0.062,True
7492,RNFA Registered Nurse First Assistant  Apply using belo,1,0,0.302,False
1800,Search Marketing Specialist E-Hospitality is an IT / Ho,0,0,0.002,True
13324,DAS Engineer Tel Tech Networks is a Voice/Data/Video/Se,0,0,0.0,True
5018,"Caregiver/HHA/CNA- Covert/South Haven ""Our mission to o",0,0,0.0,True
14226,"IBM FORMS Senior Developer  Hiring ""IBM Forms"" Develope",0,0,0.052,True
13968,Marketing Assistant: Content The Beans Group is a media,0,0,0.028,True
1192,Administrative Assistant Outstanding Member Service Sta,0,0,0.054,True
12376,Java Developer Located in the heart of downtown Kansas ,0,0,0.002,True
8751,"Head of operations, Belgium. #URL_50cc89ecbf2d4ceda3659",0,0,0.004,True
17129,Project Manager  Job Overview Apex is an environmental ,0,0,0.004,True
16606,WebMethods Lead / Architect e-Solutions Inc. is a talen,0,0,0.026,True
1414,Hostess (Divan Erbil 5* Hotel) ClarusApex is an interna,0,0,0.018,True
4991,"Warehouse Associate Shippers Supply, Inc., founded in 1",0,0,0.026,True
9702,HVAC Technician - Product Support #URL_4c6bc63de61f061b,0,0,0.008,True
1019,Texas Captioning Assistant Why CSD?CSD is not only a gr,0,0,0.004,True
9019,Business Process Engineering  Title : Business Process ,0,0,0.04,True
7375,Front End Developer WiseBanyan is the first free online,0,0,0.0,True
164,Marketing Executive EME International is a global leade,0,0,0.0,True
10629,Senior Account Executive INK is the agency of choice fo,0,0,0.0,True
6821,Staff Writer The Pinkston Group works with a select gro,0,0,0.002,True
10793,Customer Service Associate Novitex Enterprise Solutions,0,0,0.016,True
16967,Specialist Curriculum Associate The Learning Lab develo,0,0,0.0,True
4654,Part Time Creative Project Manager NoSleepForSheep is a,0,0,0.002,True
7568,NY | BACK-END DEVELOPER @TP Kettle is an independent di,0,0,0.024,True
14398,Commercial Real Estate Paralegal- Atlanta-Buckhead #URL,0,0,0.01,True
10496,Ejecutivos de Ventas (vendedor de calle) R.H. ÁGIL es u,0,0,0.048,True
6132,PHP Developer  LINK Integrasi a.k.a. PT. Lintas Karya I,0,0,0.09,True
1658,Data Entry  Prepares source data for computer entry by ,0,0,0.054,True
3483,Kitchen Helper (in the airport) ClarusApex is an intern,0,0,0.0,True
16055,Python Developer Essence is a global digital agency and,0,0,0.004,True
15783,Engineering Team Lead Shapeways is the leading 3D print,0,0,0.0,True
11868,Senior Full-Stack Developer (remote/telecommute) InVisi,0,0,0.002,True
15126,Office Manager Workable is a venture-backed startup mak,0,0,0.002,True
11752,Project Controls Tech Staffing &amp; Recruiting done ri,1,1,0.834,True
1791,Software developer  Software developer needed for inter,0,0,0.05,True
17138,Mentors Adthena is the UK’s leading competitive intelli,0,0,0.002,True
10104,CAD/CAM Programmer / Drafter  The focus of this positio,0,0,0.11,True
5240,Real Estate Agents Mission Statement: We are a communit,0,0,0.0,True
11980,Systems Engineer Vend is looking for some awesome new t,0,0,0.0,True
17712,Ambulatory Surgery and Endoscopy RN Operations Manager ,1,0,0.472,False
307,Product Manager Mobile Apps (m/w) hello worldtalents23_,0,0,0.008,True
7525,Web Visual Designer Come be a part of one of the fastes,0,0,0.0,True
11541,QA Engineer Aptitude Staffing Solutions has redesigned ,1,1,0.796,True
16926,"Customer Service Reps LEI Home Enhancements, is an Ohio",0,0,0.0,True
15448,"Web Developer DOTSOFT SA is an SME, specializing in Sof",0,0,0.0,True
7486,Specialist Curriculum Associate Shape the Future.The Le,0,0,0.0,True
10690,BI Analyst - GetTaxi  We’re looking for a Senior Busine,0,0,0.144,True
11998,Senior Engineer - Power Electronics PowerbyProxi and it,0,0,0.018,True
2095,Account Executive Ameritech Media wants to give industr,0,0,0.006,True
3300,Product Manager Massive Media is the social media compa,0,0,0.0,True
7712,Java/J2EE Analyst Programmer EUROPEAN DYNAMICS (#URL_c6,0,0,0.0,True
13993,Jr. Software Developer  Entry level Software DeveloperL,0,0,0.0,True
12121,"Marketing (Content, Acquisition, Community, Media) We b",0,0,0.002,True
13301,Business Development ReadyCache is a premier fast growi,0,0,0.018,True
11166,Sales Representatives We run #URL_34e817f2a402b90fa0342,0,0,0.02,True
1473,Designer Expert We Build Great CompanieseFounders is a ,0,0,0.0,True
17055,Senior Software Engineer Runscope is building tools for,0,0,0.0,True
7635,Development Team Leader Axonix is a global mobile adver,0,0,0.0,True
15564,Marketing Intern with Vietnamese language skills - Paid,0,0,0.002,True
14714,Process Controls Staff Engineer - Foxboro I/A TriconexS,0,0,0.012,True
6258,WhatArmy: Web Serices Account Manager Located in Bedfor,0,0,0.04,True
7008,Corporate Controller  Our client was recently named to ,0,0,0.062,True
10372,Account Coordinator  Universum is changing the way comp,0,0,0.012,True
8262,Junior ProcessMaker Sales Engineer  Position: Junior Sa,0,0,0.022,True
6632,Financial Advisor Northwestern Mutual has been a leader,0,0,0.008,True
1036,Scrum Master  We’re looking for a Scrum Master to help ,0,0,0.014,True
16647,Senior Data Scientist  We're growing our data science a,0,0,0.062,True
12979,Engineering Director Essence is a global digital agency,0,0,0.0,True
3249,Account Manager We are a startup digital agency that is,0,0,0.0,True
808,Environmental Scientist  Job Overview Apex is an enviro,0,0,0.022,True
14800,"Blipp Developer As augmented reality jobs go, one at Bl",0,0,0.0,True
15585,Customer Support Agent Crest Financial is one of the le,0,0,0.004,True
282,"Full-Time Caregiver (Position B) for Easygoing, Caring ",0,0,0.0,True
12691,Business Development Executive ding* is the world’s lar,0,0,0.0,True
11434,Part-time Customer Service Web Support LetterStream is ,0,0,0.018,True
6984,HR PROCESS LEADER  Position Summary:EXPRO’s Global Busi,1,1,0.782,True
12169,File Clerk The best word to describe PCP’s culture is P,0,0,0.026,True
15859,"Sr. Corporate HR Manager - Florence area, AL We Provide",0,0,0.022,True
17155,Supply Chain Manager Η πρώτη στεγασμένη αγορά παραγωγών,0,0,0.026,True
2634,Freelance Photographer  Freelance photographer wanted f,0,0,0.058,True
2580,Data Scientist We are on a mission: Making cities smart,0,0,0.0,True
7280,Senior Test Engineer EUROPEAN DYNAMICS (#URL_c66532ffa1,0,0,0.002,True
7330,Javascript Web App Developer  About usAffectv is revolu,0,0,0.03,True
9451,English Teacher Abroad (Conversational) We help teacher,0,0,0.0,True
2369,SQL Developer - BigTime Software The story of the Great,0,0,0.002,True
796,Window Fitters  We are currently recruiting for an expe,0,0,0.106,True
9375,"Senior QA Engineer We're an emerging technology agency,",0,0,0.0,True
9669,"Software engineer (Python/Django) We're Thread, and we'",0,0,0.0,True
11854,"Sales Coordinator Based in the South of England, Sentio",0,0,0.014,True
6032,Head of Engineering / Lead developer Signkick have crea,0,0,0.0,True
17276,Chief Operating Officer (For-Profit Hospital Experience,0,0,0.074,True
358,Service Delivery Associate - On Call Novitex Enterprise,0,0,0.0,True
10806,Customer Service Technical Specialist Novitex Enterpris,0,0,0.002,True
2803,Solar Technician (Filipino Only) About PTL SOLARPTL Sol,0,0,0.014,True
3339,.Net Developer  Adform is the best resourced European d,0,0,0.0,True
3175,Earn the Income You Deserve  Prepare yourself to learn ,1,0,0.388,False
12170,Commissioning Machinery Supervisor (CMS) Valor Services,0,0,0.014,True
10514,"Intern: QA Our team is made of designers, physics wizar",0,0,0.004,True
16218,Digital Designer Union is a digital marketing agency fo,0,0,0.0,True
17233,Agent-Inbound Sales Position Delivering superior custom,0,0,0.0,True
9339,NodeJS Developer Visual BI is one of the leading and fa,0,0,0.002,True
17598,Real Estate & Insurance Professionals Elite Realty Serv,1,0,0.042,False
7662,Data Entry Office Support  We are seeking individuals t,1,1,1.0,True
8171,Sales Director We launched Involvio as students at Drex,0,0,0.002,True
8886,Web/Ux Designer  Saberlight Digital is an ambitious and,0,0,0.018,True
977,Physical Therapist Welcome to interface rehabinterface ,0,0,0.0,True
3677,Strong Infrastructure (web-service and API) Programmer ,0,0,0.002,True
201,JAVA Solution Architect EUROPEAN DYNAMICS (#URL_c66532f,0,0,0.0,True
17311,Bookkeeper/Office Manager  Responsible for all bookkeep,0,0,0.198,True
10683,"Operations Specialist - Lafayette, CA NFP is a leader i",0,0,0.004,True
6165,Senior iOS / OS X Developer Industrial Color Software i,0,0,0.028,True
14410,Business Development Axonix is a global mobile advertis,0,0,0.002,True
11812,IT Manager Thanks for visiting our Job Board. Please re,0,0,0.002,True
14355,Legal Assistant Estates & Trust LKM Search Solutions is,0,0,0.044,True
6974,Manager of Project Management Organization - Engineerin,1,0,0.206,False
14133,Subsea Process System Engineer  Corporate overviewAker ,1,1,0.86,True
2953,"International Broadcaster, Oromo Language Applied Memet",0,0,0.0,True
6677,Dev Ops Engineer  We help financial service providers a,0,0,0.01,True
13452,"Home Health CNA- Yakima, WA Critical Nurse Staffing, In",0,0,0.0,True
10213,Sr. Java J2EE Developer  Work directly with requirement,0,0,0.03,True
8677,Project Subcontracting Manager Aker Solutions is a glob,1,1,0.908,True
2268,"Sales Director, EMEA Friend MTS is a leading provider o",0,0,0.0,True
1690,System Administrator Want to build a 21st century finan,0,0,0.002,True
15366,Part Time Delivery Driver - Miami Shyp is the easiest w,0,0,0.0,True
16820,Web Developer A startup aiming to change the way parent,0,0,0.012,True
9052,"Operations Assistant (Digital, Internet, Tech) At Hayes",0,0,0.062,True
11084,"Office Services Associate Novitex Enterprise Solutions,",0,0,0.008,True
13104,Senior PHP Developer Electus believes in long-term rela,0,0,0.004,True
4594,MAIL CLERK The Accion story began more than 100 years a,1,1,0.616,True
5007,Product Manager for Hotel Cloud Software hello worldtal,0,0,0.012,True
16672,"Tax Associate Established in 1957, Windham Brannon, PC,",0,0,0.058,True
4975,"Pharmaceutical Sales (Alexandria, VA) As one of the nat",0,0,0.0,True
4305,Business Development Associate GPL Technologies is a so,0,0,0.002,True
9925,Customer Support Baremetrics (#URL_818d0992c7cb169e1650,0,0,0.004,True
9006,Java Developer  This position will be working on a new ,0,0,0.07,True
921,Collections Supervisor Tidewater Finance Co. was establ,0,0,0.0,True
118,"Member of Technical Staff, Backend ActionIQ is a stealt",0,0,0.004,True
17289,QA Engineer Xplenty is all about making complex stuff l,0,0,0.022,True
17565,Home Based Payroll Typist/Data Entry Clerks Positions A,1,1,1.0,True
5708,"Caregiver-Berrien County Michigan ""Our mission to our c",0,0,0.0,True
9056,Supply Chain Manager Want to be part of a NZ success st,0,0,0.004,True
10340,Service Delivery Manager 3 Novitex Enterprise Solutions,0,0,0.006,True
14238,Outreach Recruiter  “We believe our best investment is ,0,0,0.006,True
9387,Web Developer - Gatcha! Massive Media is the social med,0,0,0.002,True
1705,Contact Center Representatives Tidewater Finance Co. wa,0,0,0.0,True
7693,Benefit Analyst NFP is a leader in the delivery of bene,0,0,0.01,True
15373,Talented Architect  About UsarkLAB is a highly regarded,0,0,0.072,True
8117,JavaScript Frontend Developer Conversion Factory works ,0,0,0.002,True
2265,"Android NDK Developer At Total Eclipse we create fun, o",0,0,0.002,True
4548,Marketing Analyst Pinnatta is the world’s first interac,0,0,0.0,True
11060,"Office Services Team Lead Novitex Enterprise Solutions,",0,0,0.016,True
10694,In-House Legal Counsel (10 month contract) ding* is the,0,0,0.0,True
5647,Digital Marketing Manager TunedIn is a social media sta,0,0,0.01,True
16643,"Pet Sitters, Dog Walkers - $16/hr and up  Zendo Pets is",0,0,0.026,True
5553,"Food Engineer - MFC Process Control - Collegedale, TN W",0,0,0.024,True
973,iOS Developer (C++ focus) Our team is made of designers,0,0,0.0,True
10273,Java Software Engineer Workable is a venture-backed sta,0,0,0.0,True
12447,Inside Sales Executive - Agency Accounts (New York) InV,0,0,0.002,True
1145,ASO/Keyword & Data Input Operations Assistant At Hayes-,0,0,0.018,True
3843,Software Engineer We Provide Full Time Permanent Positi,0,0,0.004,True
10621,Heavy Duty Technician (Red Seal Journeyman)  At Goldera,0,0,0.046,True
12307,Organic Herbs & Spices - Shipping/Production positions ,0,0,0.036,True
14832,"Energy/Financial Reporter, Low Carbon Energy Investor P",0,0,0.004,True
10711,Head of Business Intelligence hello worldtalents23_ dri,0,0,0.004,True
14482,Web Developer Backend (m/f) airfy prägt sicheres und ei,0,0,0.0,True
13283,Essex DGV Apprenticeship available for 18 year olds onl,0,0,0.0,True
10984,Customer Service Team Lead Novitex Enterprise Solutions,0,0,0.002,True
3569,Store Manager- London Area Luxury British cocoa grower ,0,0,0.01,True
9912,4 month role Tier 3 Support Human Resource Solutions fo,0,0,0.016,True
15429,Awesome freelance journalist (long-form) Freelanship co,0,0,0.02,True
1654,Graduates: English Teacher Abroad (Conversational) We h,0,0,0.0,True
14808,Senior Controls Engineer  Summary/Purpose This position,0,0,0.08,True
6308,Internal Marketing Representative Tidewater Finance Co.,0,0,0.014,True
14555,"Java/J2EE Developer (Weblogic, Web Services) fluent in ",0,0,0.002,True
12286,Clinical Specialist - Somnoware Somnoware is a software,0,0,0.01,True
13319,Recruiter Elite Environmental Group LLC. Provides staff,0,0,0.01,True
11582,Software Architect Aptitude Staffing Solutions has rede,1,1,0.956,True
9212,UX Designer Why CSD?CSD is not only a great place to wo,0,0,0.002,True
14700,Manager Trainee (Tampa) The Aguilar Group is a nationwi,0,0,0.002,True
1616,Systems Administrator- Linux SLI Systems is a SaaS comp,0,0,0.006,True
4609,Mechanic Aspex RecruitmentWe are a Fixed Fee Recruitmen,0,0,0.002,True
7315,Software Development Intern #URL_072492c2ff2ee65276717c,0,0,0.012,True
8672,Accounting Manager Founded by John A. Sobrato in 1979 a,0,0,0.028,True
16144,Senior Software Engineer SnapStream is powerful televis,0,0,0.0,True
9811,Sr. Digital Designer MediaMonks is the biggest creative,0,0,0.0,True
12201,"Operations Internship  We’re on the hunt for talented, ",0,0,0.008,True
5960,"Sales Executive - Office Equipment  SE1, London Bridge ",0,0,0.032,True
11390,Registered Nurse Priority Care Group are a family run c,0,0,0.004,True
6332,Customer Service Associate Novitex Enterprise Solutions,0,0,0.0,True
8158,"Branch Manager  Westview Financial Services, located in",0,0,0.0,True
11204,Senior Python Dev  You’ll be primarily responsible for ,0,0,0.042,True
8282,Back End Engineer Flite delivers ad innovation at scale,0,0,0.008,True
2959,PR and Corporate Communication Manager- Determined cont,0,0,0.0,True
683,Regional Manager Our mission is to bring the world's be,0,0,0.0,True
5538,Inside Sales Magazine Advertising  ​IMPORTANT: TO BE CO,0,0,0.086,True
12723,Junior Front End Developer PowToon (#URL_84da40102d63ee,0,0,0.0,True
10739,Sysadmin ehumanlife is a medical platform for live onli,0,0,0.002,True
6768,Account Manager - Germany Cloudreach are the only top t,0,0,0.0,True
11112,Intern/Junior RoR Developer @netguru We are Netguru and,0,0,0.002,True
14870,Senior Software Engineer Why CSD?CSD is not only a grea,0,0,0.0,True
11506,Senior SW Project Manager Ixonos is a global design + t,0,0,0.004,True
4105,Telecommunications Installer II/III Tel Tech Networks i,0,0,0.004,True
14033,Administrative/Project Assistant  Job OverviewApex is a,0,0,0.062,True
11062,"[Denver, CO] Fundraising Consultant All American classi",0,0,0.0,True
5876,"Section Manager, Thessaloniki We are one of the UK's le",0,0,0.002,True
11956,New Product Development Project Leader We Provide Full ,0,0,0.002,True
16862,Document Control Specialist Maynard Consulting Company ,1,0,0.17,False
6086,Community Manager - New York City WannaYum is a user-ce,0,0,0.01,True
14400,"Analyst (SOA, XML, BPMN, UML) EUROPEAN DYNAMICS (#URL_c",0,0,0.004,True
12903,Need a web developer  Need a Web developerDallas TX Lon,0,0,0.024,True
5599,Quality Assurance Engineer Upstream’s mission is to rev,0,0,0.0,True
5423,PASSIONATE EXPERIENCED PCP's NEEDED TODAY! WE PAY MORE ,0,0,0.0,True
606,Director of Strategy Bright Edge and Aptitude Staffing ,1,1,0.62,True
16217,Sr. Java Developer WillDom is a top notch IT Outsourcin,0,0,0.018,True
5908,Support Manager Vend is looking for some awesome new ta,0,0,0.01,True
7103,"Full Time Caregiver (Position D) for Easygoing, Caring ",0,0,0.002,True
966,Technology Support Tech  This position provides technic,0,0,0.16,True
16227,Service Desk Support Engineer Anittel is an ASX listed ,0,0,0.002,True
2835,Radio Producer Applied Memetics LLC is a professional s,0,0,0.002,True
8214,Awesome Data Insertion Specialist Vend is looking for s,0,0,0.004,True
8360,"Marketing Manager  Bitium is ""the"" operating system for",0,0,0.096,True
3546,Financial Manager We Build Great CompanieseFounders is ,0,0,0.0,True
1833,Controls Engineer- I  Position Description The ideal ca,0,0,0.032,True
12681,Drupal Developer - Remote - USA Only WillDom is a top n,0,0,0.01,True
13489,Collections Manager Tidewater Finance Co. was establish,0,0,0.01,True
4006,Desktop Support Technician GPL Technologies is a soluti,0,0,0.004,True
3260,Director - Spartan Group X Training Program Spartan Rac,0,0,0.008,True
10407,"Hotel Workers Needed Hotel Verta, a luxury boutique hot",1,0,0.04,False
7451,"C# Software Engineer For over 15 years, CaseNEX has bee",0,0,0.0,True
2177,"iOS Mobile Developer Olabord is an experience centric, ",0,0,0.01,True
6560,Optician/Lab Technician  Optometric private practice gr,1,1,0.688,True
2918,Department Supervisor A-Z Wedding Services is a busy fa,0,0,0.028,True
2553,Full-time Habilitation Specialist/Direct Care Staff Laf,0,0,0.0,True
16355,Digital Interns Ryanair is Europe’s favourite low fares,0,0,0.008,True
16190,Electrical Maintenance Technician We Provide Full Time ,0,0,0.0,True
17015,IT Project Manager - Dallas KCS is a provider of IT con,0,0,0.022,True
11398,"Sales Representative  Westview Financial Services, loca",0,0,0.002,True
2962,"CDL Driver-Alsip ABC Supply Co., Inc. is the nation’s l",0,0,0.0,True
8808,English Teacher Abroad We help teachers get safe &amp; ,0,0,0.0,True
9831,Plant Operator Macpherson Oil and Refined Resources hav,1,1,0.902,True
12146,Support Agent Depop is an exciting new mobile marketpla,0,0,0.004,True
15720,Senior Ruby Developer Reevoo is a pioneering Ratings an,0,0,0.002,True
12565,R&D - Software Engineer The company was founded in 1980,0,0,0.008,True
10164,VP of Content and Research Do you want to help people b,0,0,0.004,True
13224,Winter / Spring Internship  Maybe you’ve never met an a,0,0,0.008,True
17451,Client Success Advisor Join Our TeamIf you are interest,0,0,0.012,True
13276,Linux System Administrator  UnoTelly is a DNS &amp; VPN,0,0,0.002,True
12275,Entry Level Sales  General Summary: Achieves maximum sa,0,0,0.0,True
7474,Mobile Developer (Android) Babbel enables anyone to lea,0,0,0.004,True
2190,VBA Developer Saras America's Microsoft Center of Excel,0,0,0.032,True
1723,Technology Sales in the Entertainment Industry  Pack Ev,0,0,0.026,True
17612,Urgent Jobs (Part Time Workers Needed)  Urgent Jobs (Pa,1,1,0.956,True
10842,Growth Marketing Expert Avocarrot is a native mobile ad,0,0,0.002,True
210,Customer Service Associate - Part Time Novitex Enterpri,0,0,0.0,True
9067,Photo Production Assistant The RealReal is changing the,0,0,0.0,True
2226,Field Executive  The Candidate should have own vehicle ,0,0,0.058,True
17217,"Sales Representative  Westview Financial Services, loca",0,0,0.0,True
13147,"Digital Marketing Coordinator, Singapore  As our Digita",0,0,0.022,True
9507,"Clinic Assistant, Kingston Newmedica is a dynamic, inno",0,0,0.0,True
7686,Systems Engineers/Network Administrators/Tiers I-III At,0,0,0.0,True
16741,Sales Position  Hiring Sales RepsBase + Commission DG3 ,0,0,0.238,True
12727,PeopleSoft HCM Analyst We Provide Full Time Permanent P,0,0,0.016,True
12832,"Medical Receptionist/Assistant At MAM, we are passionat",0,0,0.052,True
10926,Building Technician/Driver II Novitex Enterprise Soluti,0,0,0.002,True
8737,Recovery Specialists Tidewater Finance Co. was establis,0,0,0.0,True
2134,PPC Specialist Zylun is expanding the recruiting landsc,0,0,0.008,True
3649,Sr. VB.NET Developer opening i28 Technologies has demon,0,0,0.0,True
1162,Graphics designer Being into the IT domain for over 4 y,0,0,0.004,True
11217,Data Quality Lead Vend is looking for some awesome new ,0,0,0.002,True
3274,Urgent Requirement : Senior Exchange & Active Directory,1,1,0.844,True
4288,English Teacher Abroad (Conversational) We help teacher,0,0,0.0,True
1298,Graduates: English Teacher Abroad (Conversational) We h,0,0,0.0,True
6887,Customer Service Team Lead Novitex Enterprise Solutions,0,0,0.0,True
1327,Recruiter/Recruiting Assistant  “We believe our best in,0,0,0.0,True
15756,A Stable Sales Career Positive upbeat atmosphereOngoing,0,0,0.026,True
9269,Facebook Flash Games Developer Who is AbZorba Games?Fou,0,0,0.002,True
15282,"VP, Creative We're an emerging technology agency, and w",0,0,0.004,True
6561,Solution architect - Cupertino CA  Cupertino CALong ter,0,0,0.06,True
16860,Process Validation Project Manager Maynard Consulting C,1,0,0.098,False
5293,Full-Time Caregiver for Spunky Young Woman United Cereb,0,0,0.02,True
4271,"Sr. Manager, Global Solutions Architects StartupTAP is ",0,0,0.0,True
3716,Sales Development Rep Conversocial is a social customer,0,0,0.006,True
13742,Software Engineer (iOS) Playfair Capital is an early st,0,0,0.014,True
5623,"Marketing Assistant - Internship Hi, we are dopios“We a",0,0,0.004,True
13121,Account Executive #URL_73cd1d86897d9c7b653551bab4d35549,0,0,0.004,True
11356,English Teacher Abroad We help teachers get safe &amp; ,0,0,0.0,True
7575,Enterprise Product Evangelist (remote/telecommute) InVi,0,0,0.0,True
7009,Performance Analyst Intern Super Soccer Stars is the co,0,0,0.0,True
13887,Commercial Real Estate Paralegal- Atlanta-Buckhead #URL,0,0,0.01,True
11682,Sheffield Driving Goods Vehicle Apprenticeships Under N,0,0,0.0,True
8007,Web Designer - Birmingham The Beans Group is a media co,0,0,0.0,True
14636,Senior Sales Executive - Central From the lands of Can ,0,0,0.0,True
10485,Full Stack Developer - Augmented Reality SaaS As augmen,0,0,0.0,True
5850,New Business Development Specialist Your Message. Our V,0,0,0.014,True
12658,New Product Development Project Leader We Provide Full ,0,0,0.02,True
13696,Part-time Warehouse Help - AM hours LetterStream is an ,0,0,0.016,True
17298,Planning Assistant  Position Title: Planning AssistantL,0,0,0.094,True
9589,"AVP, Business Development - IA/Big Data/Cloud Related T",0,0,0.002,True
5480,Retail - Finance Planning Analyst PROSULTING IS PEOPLE ,0,0,0.002,True
6867,Business Development Manager  We are currently seeking ,0,0,0.072,True
7904,Administrative Support (Student Job / Internship) Massi,0,0,0.036,True
7769,Part-time Illustrator for Kids Tutorials The Pixel Acad,0,0,0.002,True
2096,English Teacher Abroad (Conversational) We help teacher,0,0,0.0,True
3351,MBA Intern (Business Development) Daily Secret is one o,0,0,0.004,True
4601,Marketing Manager How often do you see the combination ,0,0,0.01,True
6035,Account Manager - Sydney Adthena is the UK’s leading co,0,0,0.004,True
11,Talent Sourcer (6 months fixed-term contract) Want to b,0,0,0.0,True
15563,Accountant Tax Advisory We Provide Full Time Permanent ,0,0,0.008,True
10108,Retail Staff Member - Must LOVE Dogs  “Pride is a perso,0,0,0.0,True
644,"Commercial Banking Relationship Manager-Rockford, IL Ab",0,0,0.002,True
17012,Escrow Officer / Closer Network Closing Services has be,0,0,0.0,True
11912,"WEB DEVELOPER (CLIENT + SERVER) CloudShare is creative,",0,0,0.036,True
3661,Public Relations Coordinator  We are looking for a publ,0,0,0.03,True
10226,Certified Home Health Aide I am AccentCare…I am Patient,0,0,0.01,True
15666,Sales & Marketing Intern at Tech Startup (Paid) Indicat,0,0,0.0,True
15590,Full Stack Developer Independent team of Designers &amp,0,0,0.0,True
1045,Fashion Analyst Intern We build software for fashion re,0,0,0.002,True
15017,JavaScript Client Engineer Founded in 2010 by a team fr,0,0,0.002,True
17367,Consulting Services Account Manager (IT/Finance) Maxnet,0,0,0.006,True
3655,Event Specialists We are a digital marketing agency wit,0,0,0.0,True
10805,Customer Service Associate Novitex Enterprise Solutions,0,0,0.0,True
8922,Expert on XML Legislative Standards EUROPEAN DYNAMICS (,0,0,0.002,True
11950,CNC Programmer We Provide Full Time Permanent Positions,0,0,0.0,True
15179,Junior SEO Manager (m/f) - Rocket Internet About Rocket,0,0,0.004,True
4876,Contract Web & Interactive Designer CitySourced is the ,0,0,0.022,True
7447,Healthcare Recruitment Consultant  Healthcare recruiter,0,0,0.03,True
8838,Customer Service Representative As the industry’s large,1,1,0.914,True
10506,"Reporter, ""Secondaries Investor"" PEI Media (#URL_4cffe4",0,0,0.0,True
713,Java Developer  Sample content. Please view our careers,0,0,0.322,True
6492,Software Engineer  We help organizations like Ernst &am,0,0,0.042,True
3841,"Caregiver-Bangor ""Our mission to our clients is to pres",0,0,0.056,True
3998,"Sales Managers (2x) Replise was started in 2008, just a",0,0,0.0,True
12478,"CNA-Point Blank, TX Critical Nurse Staffing, Inc. is en",0,0,0.0,True
17389,"Customer Service  Smart, creative, personable Customer ",1,0,0.462,False
824,Graduates: English Teacher Abroad We help teachers get ,0,0,0.0,True
7868,Web Designer - London The Beans Group is a media compan,0,0,0.0,True
1861,Graduates: English Teacher Abroad We help teachers get ,0,0,0.0,True
9413,HR Intern (paid - immediate start) Want to build a 21st,0,0,0.0,True
2428,"Mystery Shopper - Paducah, KY SDI Marketing started in ",0,0,0.03,True
5054,Medium/Heavy duty gas and diesel technician  Major's RV,0,0,0.07,True
13028,Recovery Specialists Tidewater Finance Co. was establis,0,0,0.004,True
11225,Linux Systems Engineer inAccess’ InSolar is an integrat,0,0,0.002,True
6309,POSTGRESS DBA  Information Technology Experience Requir,0,0,0.042,True
10829,Service Delivery Manager I Novitex Enterprise Solutions,0,0,0.006,True
6053,Accountant Why CSD?CSD is not only a great place to wor,0,0,0.04,True
10284,Substance Abuse Counselor (Greensboro Center) Crossroad,0,0,0.0,True
2840,Demonstrator As one of the world’s leading staffing com,0,0,0.0,True
3384,Partnership Development Manager Adbrain is at the foref,0,0,0.032,True
6300,Marketing & Social Media Intern Makielab is a thriving ,0,0,0.072,True
14601,Work at a Jungle Ventures Portfolio Company Jungle Vent,0,0,0.002,True
4172,"Graphic Artist, English Language Web Programming Applie",0,0,0.0,True
1305,Operations Training Associate Ciao! Welcome to Big Ital,0,0,0.008,True
14730,Sales Executive EROAD was established to modernise New ,0,0,0.002,True
13188,"Digital Strategist Propoint provides custom, visual sol",0,0,0.0,True
2473,SummaView zoekt een Senior Developer SummaView is een j,0,0,0.0,True
2942,Contract Sales Representative O|Miga is a different typ,0,0,0.012,True
4227,Inside Sales Specialist Pardon Services Canada is a nat,0,0,0.002,True
4752,Marketing Campaign Manager BuzzDial lets you instantly ,0,0,0.008,True
9429,English Teacher Abroad We help teachers get safe &amp; ,0,0,0.0,True
12073,Essex Warehousing apprenticeship available under NAS 16,0,0,0.0,True
5310,Process Safety Engineer - OSHA PSM ALOHA CAMEO PHAST - ,0,0,0.058,True
4781,Business Intelligence Analyst  We are looking for a Bus,0,0,0.026,True
12837,Product We believe cities are complicated. And your mob,0,0,0.002,True
4965,Translation Project Manager  An international translati,0,0,0.006,True
14798,Licensed Clinician Crossroads Treatment Centers is a na,0,0,0.014,True
8377,"Phone Sales For over 20 years NAC Marketing Company, LL",0,0,0.0,True
784,Service Delivery Manager 2 Novitex Enterprise Solutions,0,0,0.018,True
842,Associate Creative Director Since 1978Our goal has been,0,0,0.0,True
5220,Sales Executive Dice is a highly specialized online mar,0,0,0.0,True
14052,Entry Level Sales  General Summary: Achieves maximum sa,0,0,0.0,True
10041,"Outside Sales Professional ABC Supply Co., Inc. is the ",0,0,0.0,True
12838,Branch Associate Outstanding Member Service Starts With,0,0,0.0,True
10460,"Help Desk - Tier 1 Support Specialist At McLane Intel, ",0,0,0.002,True
15801,Analyst/Business Analysis  Position Summary: Responsibl,0,0,0.058,True
12854,PL/SQL Developer  Must Be GC or GC-EAD or US citizen. M,0,0,0.028,True
9846,Wakefield/Ossett Apprenticeships Under NAS 16-18 Year O,0,0,0.0,True
16068,Internship PINT is a leader in the web industry with 20,0,0,0.032,True
7965,Computer Support Specialist Ripple is the Humans First®,0,0,0.006,True
454,Customer Service Associate - On Call Novitex Enterprise,0,0,0.0,True
6727,"Business Systems Analyst Omega Systems Group, Inc. is a",0,0,0.01,True
17808,"vacancies,nannies,cooks,drivers and housekeepers needed",1,0,0.238,False
14991,Visual Designer Kettle is an independent digital agency,0,0,0.0,True
13765,Web and mobile focused designer / UX Founded by serial ,0,0,0.028,True
6987,Director(a) de Proyecto Head y Talent Hunting​​​​Nuestr,0,0,0.008,True
10998,Online Marketing Manager PowToon (#URL_84da40102d63eebf,0,0,0.002,True
11534,Underwriting Manager Outstanding Member Service Starts ,0,0,0.002,True
11801,Lean Manufacturing We Provide Full Time Permanent Posit,0,0,0.0,True
15789,"Social Media Representative - Intern Founded in 2009, B",0,0,0.006,True
16814,RoR/HTML/Java Developer  Ruby on Rails Web Engineer (Ro,0,0,0.0,True
10482,Senior System Test Engineer Aptitude Staffing Solutions,1,1,0.928,True
2895,"Production Assistant, Mandarin Service Applied Memetics",0,0,0.0,True
4494,Cognos BI Architect RHB Recruitment Ltd is a business p,0,0,0.022,True
712,English Teacher Abroad We help teachers get safe &amp; ,0,0,0.0,True
4595,Senior J2EE Analyst Developer EUROPEAN DYNAMICS (#URL_c,0,0,0.0,True
7000,Graduate Intern - JavaScript Visual BI is one of the le,0,0,0.0,True
16101,Senior Process Engineer - MS Office Prism DCS Provox - ,0,0,0.034,True
13405,PHP Web Application Developer  We are not going to bore,0,0,0.0,True
4808,Quality & Support Manager AREA 17 is an interactive age,0,0,0.002,True
9606,OIM Developer  We have immediate requirement for OIM De,0,0,0.064,True
8384,Customer Support Associate Want to build a 21st century,0,0,0.0,True
10788,Agent-Inbound Sales Position Delivering superior custom,0,0,0.004,True
12395,Cad Designer We Provide Full Time Permanent Positions f,0,0,0.016,True
13414,Sales Manager We Provide Full Time Permanent Positions ,0,0,0.0,True
16737,Social media intern Tutorizon is a web meeting point of,0,0,0.03,True
5115,Customer Service Representative  • Be responsible for a,1,0,0.29,False
8488,UTC Lead Testing Technician Jaco Oil and Refined Resour,1,1,0.934,True
3294,Shipping & Packing Technician  Techs are the artisans o,0,0,0.026,True
13593,Internal IT Support Engineer Babbel enables anyone to l,0,0,0.024,True
4694,Accountant  Our Client business based in Crawley is loo,0,0,0.084,True
6555,English Teacher Abroad We help teachers get safe &amp; ,0,0,0.0,True
1206,Shipping & Packing Technician Shyp is the easiest way t,0,0,0.024,True
11145,Customer Service Techincal Specialist - Part Time Novit,0,0,0.0,True
17064,Sales professionals/Money motivated/Passion for interna,0,0,0.16,True
4708,Python Engineer  Stylect is a dynamic startup that help,0,0,0.012,True
7057,UX Designer At Founders we create companies. We are are,0,0,0.002,True
13757,Sales & Marketing Intern Infogram is the data visualiza,0,0,0.016,True
11605,Senior PHP Developer (m/f)  in Bielefeld (Germany) or r,0,0,0.008,True
13941,"Manager of Construction - Supervisory Exp - Houston, TX",0,0,0.046,True
6013,Trainee Business Services Associate HireEasy Pro provid,0,0,0.026,True
4296,"CDL Driver-Joliet ABC Supply Co., Inc. is the nation’s ",0,0,0.0,True
17464,"Java Developer At Sensai, our goal is to quantify the w",0,0,0.038,True
11059,Customer Service Associate Novitex Enterprise Solutions,0,0,0.0,True
8794,Graduates: English Teacher Abroad (Conversational) We h,0,0,0.0,True
3801,English Teacher Abroad We help teachers get safe &amp; ,0,0,0.0,True
12423,Junior Software Engineer The Beans Group is a media com,0,0,0.0,True
2560,"Field Operations Specialist Working at FBNAt FBN, we pu",0,0,0.0,True
77,Mid-Senior .NET or Xamarin Developer  DataFinch Technol,0,0,0.02,True
12620,Broadband Technician De Novo Group is a non-profit orga,0,0,0.004,True
11622,Social Media Agent Ryanair is Europe’s favourite low fa,0,0,0.0,True
12560,Driver - Medium Duty (Seattle) Our HistoryFounded in 19,0,0,0.0,True
14440,On-Call Caregiver--You Choose the Hours! United Cerebra,0,0,0.0,True
583,iOS Engineer About the CompanyAviary makes the world’s ,0,0,0.0,True
17511,Use Your Spare Time to Start Earning More  Several peop,1,0,0.218,False
16559,Junior Web Developer Tribal Worldwide Athens is a digit,0,0,0.01,True
2617,Customer Service Associate - Part Time Novitex Enterpri,0,0,0.018,True
4985,Javascript / NODE.js Developer Capoo provide talent con,0,0,0.004,True
12709,Senior full stack developer Creators of innovative soft,0,0,0.0,True
2830,Customer Advisor Wedo is a collection of niched e-comme,0,0,0.02,True
11929,Head of CRM Babbel enables anyone to learn languages in,0,0,0.008,True
17114,Customer Success Manager Vend is looking for some aweso,0,0,0.0,True
14662,Agent-Inbound Sales Position Delivering superior custom,0,0,0.002,True
9528,Training Director  The Training Director is accountable,0,0,0.054,True
14153,Preschool Teacher American Kidz Academy® is the expert ,0,0,0.002,True
13620,Remote Part Time Recruiter Keen360 helps organizations ,0,0,0.038,True
6840,Product Admin Executive / Intern Playfair Capital is an,0,0,0.022,True
7625,Process Improvement Project Engineering Manager We Prov,0,0,0.0,True
2983,Senior Web Developer Το #URL_bb79581a561837ad604b8fc4ab,0,0,0.002,True
17422,Analyst Programmer EUROPEAN DYNAMICS (#URL_c66532ffa1ce,0,0,0.006,True
2344,Part-time Chef My mummymade it is the service that deli,0,0,0.016,True
5726,CTO/Director of Recruiting  CTOJob Title: Chief Technol,0,0,0.034,True
1279,"Assistant Branch Manager  Westview Financial Services, ",0,0,0.0,True
3148,"Executive Assistant For more than two decades, the TRAK",0,0,0.004,True
12293,Junior DevOps Engineer We’re always looking for highly ,0,0,0.0,True
10010,DSP-Adult Day Services- Part-time MRSI is a nonprofit o,0,0,0.008,True
5487,Customer Service/Call Center At Command we care enough ,0,0,0.002,True
6935,"IT Developer Collabera is a fast growing, end-to-end in",0,0,0.026,True
13628,Branch Associate Outstanding Member Service Starts With,0,0,0.0,True
9816,Senior Functional Analyst EUROPEAN DYNAMICS (#URL_c6653,0,0,0.002,True
12978,Technical Support Representative NuORDER is the fast-gr,0,0,0.0,True
14785,Junior Web Developer  Who we are: DigitalUp is a dynami,0,0,0.038,True
6451,Sr Network Engineer  This position is primarily respons,0,0,0.06,True
3241,"Account Manager  We’re Mash, and we aspire to be the ve",0,0,0.02,True
5295,Junior PHP Developer Pizza Fan is the leading pizza del,0,0,0.05,True
13439,Consulting Delivery Leader - Sales Effectiveness Talent,0,0,0.012,True
2557,Facilities Maintenance Technician  General Summary:Repo,0,0,0.062,True
5759,"Agency Sales Managers $150-$175,000/yr We have aggressi",1,1,0.99,True
1310,Inside Sales Representative Can data be a thing of beau,0,0,0.0,True
2272,Head of PR (m/f) Babbel enables anyone to learn languag,0,0,0.002,True
16050,Regional Field Sales Representative We Provide Full Tim,0,0,0.004,True
4767,Entry Level Sales  General Summary: Achieves maximum sa,0,0,0.0,True
12209,Senior Linux/DevOps Engineer Playfair Capital is an ear,0,0,0.0,True
17001,"HR/Recruiter LEI Home Enhancements, is an Ohio based co",0,0,0.01,True
13266,Junior Support Developer SilverStripe CMS &amp; Framewo,0,0,0.0,True
6229,Senior Executive Assistant Why CSD?CSD is not only a gr,0,0,0.01,True
2227,Software Engineer - Java Server Application Innovative ,0,0,0.0,True
3853,"Testing Engineer inAccess’ InSolar is an integrated, ve",0,0,0.002,True
2170,"Front-end Web Designer  Formstack, the most flexible an",0,0,0.062,True
5263,"EMTs (Lift Coaches) San Diego At Atlas Lift Tech, safet",0,0,0.0,True
5072,JAVA/J2EE developer EUROPEAN DYNAMICS (#URL_c66532ffa1c,0,0,0.0,True
12231,Insurance Benefits Sales Consultant Aflac At A GlanceA ,0,0,0.038,True
15559,Inside Sales Representative Ameritech Media wants to gi,0,0,0.042,True
1560,SENIOR DIGITAL ACCOUNT MANAGER Bonsey Jaden is a new pa,0,0,0.026,True
16689,Associate HR We at TechIndyeah are a fun filled startup,0,0,0.0,True
11628,Sales Professional- SMB (Full-Time) Making Mobile Devic,1,1,0.892,True
7497,Senior Coldfusion Developer EUROPEAN DYNAMICS (#URL_c66,0,0,0.0,True
8664,Senior UI/UX Designer Crowd Analyzer is the 1st fully a,0,0,0.006,True
16753,Project Manager CARES is Alabama’s approach to the mode,0,0,0.01,True
1412,Operations and Logistics Internship Wedo is a collectio,0,0,0.0,True
14587,Advanced Semiconductor Power Device MERL's internship p,0,0,0.0,True
16992,Senior Software Engineer (PHP) Do you want to be part o,0,0,0.002,True
560,Project Engineer Ensight is an international energy des,0,0,0.038,True
1364,Retail Staff Member- Los Angeles Area  “Pride is a pers,0,0,0.0,True
4045,Executive Producer We are a visual technology startup p,0,0,0.0,True
7466,Graphics Artist Itsa Southern Thing Apparel owns severa,0,0,0.024,True
9967,Sales Development Specialist Namely is the leading end-,0,0,0.032,True
1963,"API Architect, Customer Experience Platform WHO WE ARE?",0,0,0.002,True
15012,Account Director Fnatic was founded in 2004 and is an a,0,0,0.012,True
2037,Internship (Advertising) This initiative is being led b,0,0,0.0,True
12147,Associate Luxury Manager The RealReal is changing the w,0,0,0.124,True
16962,Customer Relations - Full Time - No Call Center LEI Hom,0,0,0.002,True
9565,FedEx Class A CDL Driver - $1500 Sign-On Bonus! Home Da,0,0,0.144,True
4955,Fraud Engineer / Data-mining Expert #URL_31fdc354999cbb,0,0,0.002,True
3243,Office Administrator/Administrative Assistant Trident S,0,0,0.022,True
14617,Freelance Authors and Editors (m/f) for Norwegian Cours,0,0,0.0,True
2639,Hilshire Farms Senior Strategic Pricing Analyst Pricing,0,0,0.002,True
15605,Senior Technical Artist MaxPlay™ is a cross-platform di,0,0,0.0,True
916,Client Service Team member Hellas Direct is a new insur,0,0,0.036,True
12280,PR Assistant @ Tech PR Agency With offices in San Franc,0,0,0.014,True
12263,Inside/Outside Sales Rep LanternCRM crafts software tha,0,0,0.008,True
4583,Senior Software Tester  #URL_3bd5deb27e3f065dd0b56f7a19,0,0,0.032,True
3489,Head of Impact and Accountability VSO brings people tog,0,0,0.012,True
16807,QC Supervisor Passion for God.Passion for the Philippin,0,0,0.006,True
5662,Technical Support Representative Working for Status Sol,0,0,0.01,True
16121,Sr. Account Executive - New York City NFP is a leader i,0,0,0.004,True
2335,Sales Manager SpotSource Solutions LLC is a Global Huma,0,0,0.0,True
286,Manchester Apprentice Office Administrator Under NAS 16,0,0,0.002,True
12764,Senior Backend Engineer (Feature Development) Babbel en,0,0,0.002,True
9634,Technical Support Associate AboutPPD Partners provides ,0,0,0.002,True
8286,"Growth Engineer Mashape is the largest, most trafficked",0,0,0.006,True
2511,Product Manager Want to make a difference?Do you know w,0,0,0.066,True
5817,OS X Application Developer We are a young tech company ,0,0,0.012,True
7476,"Technical Intern At McLane Intel, we believe that every",0,0,0.012,True
5033,Operations Manager  Operations Manager Job Category: Su,0,0,0.062,True
4053,DATA ENTRY/RECEPTIONIST  Our company is seeking applica,1,1,0.806,True
10086,Office Manager To successfully deliver commercial strat,0,0,0.022,True
3710,Sonographer Diagnostic Health deploy and manage high qu,0,0,0.0,True
702,English Teacher Abroad We help teachers get safe &amp; ,0,0,0.0,True
9560,Android Developer MediaMonks is the biggest creative di,0,0,0.0,True
15576,Inside Sales Manager Forward3D is the largest independe,0,0,0.002,True
12082,"Advanced Network Administrator At McLane Intel, we beli",0,0,0.0,True
15088,CNC Programmer We Provide Full Time Permanent Positions,0,0,0.0,True
7745,"CDL Driver-Niles ABC Supply Co., Inc. is the nation’s l",0,0,0.0,True
12669,Gemologist The RealReal is changing the way people buy ,0,0,0.002,True
1989,"Injection Molding Supervisor - Lake Forest, IL We Provi",0,0,0.016,True
2480,Drupal Udvikler / e-conomic  About Use-conomic is headq,0,0,0.024,True
16305,VP of Marketing AREX is a highly ambitious financial te,0,0,0.044,True
9219,Junior Web Developer Roomcase is an entirely Greek comp,0,0,0.036,True
231,English Teacher Abroad We help teachers get safe &amp; ,0,0,0.0,True
3404,"Visual Merchandiser, Serbia We are one of the UK's lead",0,0,0.01,True
16580,Title Closer/Agent Network Closing Services has been se,0,0,0.0,True
593,English Teacher Abroad We help teachers get safe &amp; ,0,0,0.0,True
11369,Sales Executive Visual BI is one of the leading and fas,0,0,0.0,True
12300,"Clinic Assistant, North West London Newmedica is a dyna",0,0,0.0,True
8745,IT Project Manager (Desktop Support) - Start Immediatel,0,0,0.006,True
1122,Manager of Finance We Provide Full Time Permanent Posit,0,0,0.0,True
11192,Graduates: English Teacher Abroad We help teachers get ,0,0,0.0,True
10000,Weekend Caregiver for a Hip Young Man United Cerebral P,0,0,0.002,True
4102,Product Intern Want to build a 21st century financial s,0,0,0.002,True
16931,Customer Service Positions ($18-$22 an hour) LEI Home E,0,0,0.0,True
16447,Marketing Assistant / Digital Content Creator SalesDoub,0,0,0.006,True
7483,ASP.NET MVC Developer Our MissionOur Mission is to crea,0,0,0.002,True
14283,English Teacher Abroad We help teachers get safe &amp; ,0,0,0.0,True
2796,Front-End Developer Internship Amplifier Strategies is ,0,0,0.002,True
7379,Nurse Manager: Med/Surg/Oncology/Telemetry (Near the 21,0,0,0.078,True
812,UST Testing Technician II Staffing &amp; Recruiting don,1,1,0.982,True
2119,Senior Sales Manager (Russia) Founded by serial entrepr,0,0,0.0,True
4528,Human Resources and Safety Manager ABOUT VERTO Verto Pa,0,0,0.022,True
12264,Travel & Hospitality Manager Playfair Capital is an ear,0,0,0.058,True
17308,Customer Service Specialist Why CSD?CSD is not only a g,0,0,0.002,True
13308,Collections Manager Tidewater Finance Co. was establish,0,0,0.016,True
7471,Web Analyst  InfoTrust is a Google Analytics Certified ,0,0,0.05,True
17550,ICU RN  Find more jobs at #URL_1efb08d6a6da1c56afb2d0c6,1,1,0.944,True
15262,Infrastructure Core Systems Engineer ding* is the world,0,0,0.0,True
17020,Great opportunity for Full Time .Net Developers The Pri,0,0,0.002,True
17520,Payroll Data Coordinator Positions - Earn $100-$200 Dai,1,1,1.0,True
6151,Entry Level Sales  General Summary: Achieves maximum sa,0,0,0.0,True
15187,Application Developer We Provide Full Time Permanent Po,0,0,0.0,True
15678,Factory - Production Assemblers EROAD was established t,0,0,0.0,True
10871,"Full-Time Caregiver for an Agreeable, Shy Young Man Uni",0,0,0.0,True
11423,OUD: Business Controller 2. SummaView is een jong bedri,0,0,0.0,True
17346,CNC Programmer We Provide Full Time Permanent Positions,0,0,0.0,True
3495,English Teacher Abroad We help teachers get safe &amp; ,0,0,0.0,True
4388,"City Manager Meet cove, a network of neighborhood produ",0,0,0.002,True
15112,"Marketing Manager  You thrive in social media, love eco",0,0,0.024,True
1957,Account Executive We build software for fashion retaile,0,0,0.004,True
14433,"Home Health RN--Beaver, UT Critical Nurse Staffing, Inc",0,0,0.0,True
9916,Settlements Coordinator The Selectus Group is a custome,0,0,0.002,True
15064,Customer Support Specialist Workable is a venture-backe,0,0,0.002,True
6325,Inside Sales Client Advisor Pardon Services Canada is a,0,0,0.002,True
11977,"Senior Counsel Job opportunity at California,Santa Rosa",0,0,0.046,True
5184,"Clinic Assistant, Kingston Newmedica is a dynamic, inno",0,0,0.0,True
8847,Customer Service & Fashion Content Moderator Depop is a,0,0,0.004,True
2424,Mystery Shopper - Idaho SDI Marketing started in 1988 a,0,0,0.022,True
2618,"Hotel Housekeeper Quality accommodations, exceptional s",0,0,0.006,True
12825,Technology Project Manager Leapfrog Services provides m,0,0,0.002,True
2642,Key Account Manager  Job Description- Job Title: Key Ac,0,0,0.048,True
12245,"Senior Associate, Black Male Achievement Fellowship Abo",0,0,0.0,True
7772,English Teacher Abroad (Conversational) We help teacher,0,0,0.0,True
6981,"Data Scientist - Meteorology Working at FBNAt FBN, we p",0,0,0.01,True
5633,Digital Account Manager/Producer Neverbland is a team o,0,0,0.0,True
7588,Work from Home Executive Income and Lifestyle We are lo,0,0,0.008,True
3572,Billing Representative | Healthcare  We are a leading m,0,0,0.06,True
17097,Sr. Systems Engineer  We are seeking a qualified candid,0,0,0.038,True
3939,"International Broadcaster, Tigrigna Language Applied Me",0,0,0.0,True
11815,Driver - Medium Duty (LA/OC) Our HistoryFounded in 1929,0,0,0.0,True
6595,"Inside Sales Professional-Merrillville ABC Supply Co., ",0,0,0.0,True
12768,"UI/UX Designer  Since Pilot is dynamically developing, ",0,0,0.014,True
9526,Internship Massive Media is the social media company be,0,0,0.02,True
11174,Customer Service Associate - Part Time Novitex Enterpri,0,0,0.0,True
8185,iOS Engineer AGOGO creates a personalized audio channel,0,0,0.0,True
14694,Software Engineer We Provide Full Time Permanent Positi,0,0,0.0,True
12628,Beauty & Fragrance consultants needed Established on th,0,0,0.0,True
15264,Immediate Staff Needed For Cash Positions.  Immediate S,1,1,0.934,True
7684,"Software Test Engineer I We design, build, sell, and se",0,0,0.0,True
17123,"Executive Assistant From the lands of Can Do, Roll Our ",0,0,0.002,True
488,"Sr. Manager Plant Controller - Tyler, TX We Provide Ful",0,0,0.044,True
14149,Marketing Intern (Non-Paid) Controller Chaos opened for,0,0,0.022,True
10867,Management Accountant Sparkol is a growing software com,0,0,0.004,True
8505,Youth Case Management Worker Since 1973: Working togeth,0,0,0.0,True
11241,Recruiter (IT Focus) PROSULTING IS PEOPLE The ProSultin,0,0,0.0,True
3970,Associate Executive Director Envision Consulting conduc,0,0,0.028,True
9618,Finance and Accounting Analyst Nubank is an early stage,0,0,0.004,True
1398,HR Advisor and Senior HR Advisor HRdownloads was founde,0,0,0.0,True
622,English Teacher Abroad We help teachers get safe &amp; ,0,0,0.0,True
15276,English Teacher Abroad We help teachers get safe &amp; ,0,0,0.0,True
2715,Office Manager We’ve built revolutionary technology tha,0,0,0.004,True
8823,Junior Business Analyst Το #URL_79acfcc7a99f008faaebd34,0,0,0.0,True
10363,English Teacher Abroad We help teachers get safe &amp; ,0,0,0.0,True
12856,Human Resources Manager The most affordable and effecti,0,0,0.01,True
17516,iOS Developer - Official London Travel App What Now?! i,0,0,0.01,True
7646,Client Services Manager SpotSource Solutions LLC is a G,0,0,0.0,True
4266,"Customer Service Representative Since 2005, American Se",1,1,0.7,True
8857,Office Coordinator Pardon Services Canada is a national,0,0,0.02,True
10449,Wordpress/PHP Developer  USA Digital Marketing Agency α,0,0,0.0,True
14780,PR Director We’re always looking for highly motivated “,0,0,0.0,True
4679,"Design Music Streaming App  ABOUT US:We are an Ashland,",0,0,0.09,True
2521,Web Developer Intern Cookisto is a trusted community ma,0,0,0.006,True
14000,Process Engineer Mechanical Staffing &amp; Recruiting d,1,1,0.898,True
1177,Technical Solution Consultant Retailers around the worl,0,0,0.008,True
10566,Manager of Finance We Provide Full Time Permanent Posit,0,0,0.0,True
350,Global Sourcing Buyer The MarketMaker4 leadership team ,0,0,0.006,True
13781,"Home Health RN--Groveland, ID Critical Nurse Staffing, ",0,0,0.0,True
6938,Sourcing-Importation Consultant Collabera is a fast gro,0,0,0.012,True
13115,"Agile Coach We experiment with new digital products, re",0,0,0.002,True
11843,SEO Manager Want to build a 21st century financial serv,0,0,0.002,True
1675,Backend Engineer Aclima is an early-stage company based,0,0,0.002,True
10473,"School Bus Driver - London, Middlesex County, Oxford Co",0,0,0.0,True
10308,Customer Service Associate Novitex Enterprise Solutions,0,0,0.0,True
3083,Investment Analyst  Investment Analysis.Portfolio Manag,0,0,0.094,True
12159,Driver - Medium Duty (Portland) Our HistoryFounded in 1,0,0,0.0,True
632,Senior Territory Manager Recombine provides clinical ge,0,0,0.0,True
5568,Customer Service Associate Novitex Enterprise Solutions,0,0,0.0,True
3981,Internet Graphic Designer Applied Memetics LLC is a pro,0,0,0.01,True
8638,"Project Director УУРРАА - технологическая компания, раб",0,0,0.0,True
7404,Trainee Management Accountant As augmented reality jobs,0,0,0.002,True
3736,"Sales, Marketing, and Biz Ops Associate  Emjoyment is a",0,0,0.118,True
13839,3D Artist (Environment) Space Ape Games is an Award Win,0,0,0.0,True
9087,Linux/Windows SysAdmin and Support Specialist Slable is,0,0,0.01,True
14680,Instructional Advocate We are an after-school program c,0,0,0.03,True
5735,Ad Monetisation Expert We started making apps the day A,0,0,0.008,True
11750,Junior Visual Designer Unify — formerly known as Siemen,0,0,0.002,True
15790,BIOS Development Engineer  BIOS Development EngineerWor,0,0,0.078,True
6868,UX designer for iOS app Super awesome games and apps Jo,0,0,0.016,True
9923,Business Intelligence Analyst About the CompanyWe are t,0,0,0.004,True
5455,Office Manager / General Manager Brand Apps is a exciti,0,0,0.032,True
8139,Tibco Architect SampraSoft is a fast growing IT solutio,0,0,0.01,True
2684,English Teacher Abroad We help teachers get safe &amp; ,0,0,0.0,True
11484,Digital Operations Internship Airenvy’s mission is to p,0,0,0.0,True
1297,Custom Products Account Maestro  Normal 0 false false f,0,0,0.056,True
11849,Native French speaking Account Manager Optimy is a fast,0,0,0.0,True
11010,Customer Service Associate Novitex Enterprise Solutions,0,0,0.0,True
17507,Home Based Payroll Typist/Data Entry Clerks Positions A,1,1,1.0,True
11776,Senior Territory Manager Recombine provides clinical ge,0,0,0.0,True
3280,Frontend Engineer Playfair Capital is an early stage te,0,0,0.006,True
4582,English Teacher Abroad We help teachers get safe &amp; ,0,0,0.0,True
16258,Sr. Front-End Developer (Angular) [remote/telecommute] ,0,0,0.0,True
12789,Internship in London  London is a fast paced city of cu,0,0,0.074,True
1043,"Operations Lead Meet cove, a network of neighborhood pr",0,0,0.064,True
12907,Mobile UX/UI Designer  We are looking for a talented Pr,0,0,0.114,True
2938,Technical Sales Specialist Founded in 2010 by a team fr,0,0,0.004,True
3246,Senior Front-End Web Developer  WineZeus is looking for,0,0,0.038,True
6254,Systems engineer job description  We are looking for a ,0,0,0.06,True
2988,Cosmetic and Fragrance Position Established on the prin,0,0,0.0,True
17556,Customer Service Representative to Enroll People in NO ,1,0,0.242,False
5911,Senior Web Developer import•io was founded in 2012 by D,0,0,0.0,True
6141,"Senior Associate, Climate Fellowship About ECHOING GREE",0,0,0.004,True
10029,Completion Engineer Valor Services provides Workforce S,0,0,0.0,True
8797,Sonographer Diagnostic Health deploy and manage high qu,0,0,0.0,True
15213,Sales - Account Executive SpotSource Solutions LLC is a,0,0,0.0,True
927,Sub-prime Automotive Finance Analyst/Underwriter Tidewa,0,0,0.0,True
17441,Web Programmer | Digital Marketer We specialize in help,0,0,0.006,True
643,Sales Manager We Provide Full Time Permanent Positions ,0,0,0.002,True
1712,Campaign Manager (Freelance) The Technical Team and off,0,0,0.002,True
4599,Mortgage Customer Service Coordinator (Call Center) The,1,1,0.736,True
9273,Tech co-founder Cultinet is LinkedIn for the Arts. It i,0,0,0.0,True
17818,Admin Assistant\Urgently  The company is seeking an Adm,1,0,0.294,False
914,Sales Team Riskalyze is revolutionizing the way people ,0,0,0.02,True
8029,ADF Developer VARITE is a global IT company providing s,0,0,0.018,True
17869,Sr Technical Lead LIMS  Job Title: Sr Technical LeadSal,0,0,0.224,True
1780,"Head of Marketing We are an international, venture back",0,0,0.014,True
3874,Marketing Manager Demo Duck builds handcrafted explaine,0,0,0.012,True
4963,Marketing Automation Manager (remote/telecommute) InVis,0,0,0.0,True
14905,Money Laundering Reporting Officer We believe that the ,0,0,0.028,True
3884,Content Marketer MarketInvoice is one of the most high-,0,0,0.002,True
1787,Store Operations Coordinator Castle Search Group specia,0,0,0.022,True
10367,Business Developer DACH Massive Media is the social med,0,0,0.0,True
10009,Customer Advocate Typeform is a tech start-up which is ,0,0,0.006,True
536,Part-Time Administrative/Data Entry I  As Part Time Adm,0,0,0.126,True
12260,QA Specialist for web #URL_c59e83e0460115b6817e5222a26b,0,0,0.01,True
7664,Graduates: English Teacher Abroad (Conversational) We h,0,0,0.0,True
12762,Sales Director - Business-to-Business Channel The RealR,0,0,0.0,True
5270,Online Sales Manager  We are looking for a passionate O,0,0,0.054,True
11273,iOS Developer - Rithmio The story of the Great Chicago ,0,0,0.002,True
12994,Backend Engineer/DevOps Transifex is a SaaS continuous ,0,0,0.0,True
17186,Customer Service Associate - On Call Novitex Enterprise,0,0,0.0,True
4572,CARETAKER COUPLE LIVE IN  Job Vacancy: caretakersComes ,0,0,0.118,True
13457,Vice President of Engineering Based in San Francisco wi,0,0,0.004,True
14009,"SENIOR BUSINESS MANAGEMENT CONSULTANT, London  SENIOR B",0,0,0.012,True
11440,"Home Health Aide--Arvada, CO Critical Nurse Staffing, I",0,0,0.0,True
17408,Manufacturing Engineer Come on in.Welcome to August Sma,0,0,0.024,True
7119,Internal Marketing Representative Tidewater Finance Co.,0,0,0.012,True
1564,Graduate Intern - JavaScript Visual BI is one of the le,0,0,0.0,True
1331,Engineer - Head of Department Hydrodynamics ClarusApex ,0,0,0.018,True
17336,Equipment Engineer ClarusApex is an international recru,0,0,0.018,True
5201,Director of Customer Success (remote/telecommute) InVis,0,0,0.002,True
5572,Vacancies at Grand Royale Hotel  The Grand Royale Hotel,1,0,0.328,False
16759,"Salesforce.com Developer - Birmingham, England  Consult",0,0,0.004,True
6139,Web UI Frontend Engineer Come be a part of one of the f,0,0,0.0,True
11115,Creative Technologist Local Projects is a media design ,0,0,0.0,True
4347,Lead Environmental Inspector  Job OverviewApex is an en,0,0,0.01,True
7717,Senior Bank Mortgage Loan Originators for the Brookfiel,0,0,0.01,True
8861,Urgent requirement for Specialist Licensed Doctors @Gul,0,0,0.028,True
14945,"Life Insurance Agent - Raleigh, NC Even though we’ve be",0,0,0.002,True
3882,Database Development Lead  Database Development Lead Lo,0,0,0.022,True
5926,Assistant Accountant  Looking for an Assistant Accounta,1,0,0.148,False
9955,Part-time Pizza Delivery Drivers - Liverpool City Centr,0,0,0.0,True
12956,"Senior Android Developer Founded in 2009, the Fonpit AG",0,0,0.0,True
11902,Cad Designer We Provide Full Time Permanent Positions f,0,0,0.0,True
9825,Work for Point Nine (VC) Point Nine Capital is a Berlin,0,0,0.002,True
4707,IOS Developer  We are looking for an iOS Developer who ,0,0,0.072,True
12939,Application Developer - Salesforce Our passion for impr,0,0,0.006,True
6927,SAP BI Program/Delivery Manager Visual BI is one of the,0,0,0.004,True
532,Insights & Strategy Traineeship (3-6 months) LHBS is an,0,0,0.0,True
14372,SEM Manager ConsumerTrack is a technology-centric inter,0,0,0.0,True
12606,C Developer  CloudWalk Inc. is hiring one embedded C de,0,0,0.034,True
306,Customer Service Team Lead Novitex Enterprise Solutions,0,0,0.0,True
6780,Application Developer C#.NET Collabera is a fast growin,0,0,0.002,True
13571,Sr. Oracle Apps DBA  Job Title: Sr. Oracle Apps DBALoca,0,0,0.084,True
1422,Contact Center Representatives Tidewater Finance Co. wa,0,0,0.0,True
12060,Community Manager Keycafe is the leading key exchange s,0,0,0.0,True
15119,Residential House Cleaner College Girl Cleaning Service,0,0,0.02,True
9532,Ready For a New Challenge? Distributor of Award Winning,0,0,0.004,True
7153,Partner Integration Engineer - Netlog Massive Media is ,0,0,0.002,True
10734,Customer Service Associate Novitex Enterprise Solutions,0,0,0.0,True
15908,Scanning Clerk The best word to describe PCP’s culture ,0,0,0.012,True
11898,Shyp Hero Courier - Los Angeles Shyp is the easiest way,0,0,0.0,True
2411,Operations & Logistics Manager - SF Shyp is the easiest,0,0,0.0,True
8632,"Home Care Schedulers ""Our mission to our clients is to ",0,0,0.006,True
6445,Chief UX/Design Architect ActionIQ is a stealth startup,0,0,0.006,True
12344,SEO Specialist UFN is a dynamic start-up founded in 200,0,0,0.004,True
13199,.Net / SharePoint Developer Eastridg​​e was founded by ,0,0,0.004,True
8480,Senior ColdFusion Developer EUROPEAN DYNAMICS (#URL_c66,0,0,0.0,True
6519,Senior DevOps Engineer Upstream’s mission is to revolut,0,0,0.0,True
2202,Key Account Manager - Spain incrediblue is busting the ,0,0,0.0,True
15682,Server Operator/Monitoring and optimization specialist ,0,0,0.0,True
3933,Project Manager: Mechanical Process Unlimited and Refin,1,1,0.946,True
16547,Title Insurance: Reader-Residential & Commercial-NYC & ,0,0,0.0,True
11299,Data Analyst/Data Quality Specialist Mutatio delivers B,0,0,0.004,True
4497,Affiliate Marketing Intern  We're an online/mobile base,0,0,0.116,True
11149,Swindon Logistics Apprentice/Warehousing Apprenticeship,0,0,0.008,True
5396,Account Executive NFP is a leader in the delivery of be,0,0,0.006,True
7556,ASP.NET (C#) Developer Working in over 60 countries and,0,0,0.0,True
7715,Studio Booking Consultant CallCentre People Recruitment,0,0,0.028,True
13424,Shyp Hero Manager - MIAMI Shyp is the easiest way to se,0,0,0.0,True
15084,Head of Marketing We’re always looking for highly motiv,0,0,0.0,True
11952,Windows System Administrator Job opportunity at Cincinn,0,0,0.058,True
8381,SmartCard Developer Even &amp; Odd Minds is a talent-dr,0,0,0.004,True
6584,BI Practice Director Visual BI is one of the leading an,0,0,0.0,True
11666,English Teacher Overseas We help teachers get safe &amp,0,0,0.0,True
3082,Temporary Litigation Secretary Job in Orange County  A ,0,0,0.04,True
11610,Application Support Analyst Sparkol is a growing softwa,0,0,0.0,True
4440,Business Analyst - Systems With an exceptional record o,0,0,0.01,True
16360,Venture Capital Associate Marc Bell Capital Partners is,0,0,0.028,True
12623,Director of Demand Generation #URL_73cd1d86897d9c7b6535,0,0,0.002,True
3068,Operations Generalist We’ve built revolutionary technol,0,0,0.0,True
9,Customer Service Associate - Part Time Novitex Enterpri,0,0,0.0,True
11422,"Dev/Ops Engineer At iMATCHATIVE, we believe in the powe",0,0,0.0,True
8213,PHP Frontend Entwickler (m/w) hello worldtalents23_ dri,0,0,0.002,True
700,Working Student Marketing Babbel enables anyone to lear,0,0,0.0,True
4974,Project Manager  Project Manager Perform Status Trackin,0,0,0.022,True
822,Graduates: English Teacher Abroad We help teachers get ,0,0,0.0,True
14100,Graduates: English Teacher Abroad (Conversational) We h,0,0,0.0,True
6311,Web Design Intern University Beyond: Connecting Student,0,0,0.002,True
2823,English Teacher Abroad We help teachers get safe &amp; ,0,0,0.0,True
5648,Senior Ruby Engineer We’re always looking for highly mo,0,0,0.008,True
9841,Client Services Manager - SM1 #URL_ddb080358fa5eecf5a67,1,1,0.99,True
4369,Cities Department Assistant Citymart helps cities to tr,0,0,0.016,True
4316,Sales Executive  Due to rapid expansion and high demand,0,0,0.064,True
783,Front-End Web Developer Frequency540 (FQ540) is a full ,0,0,0.004,True
368,Jr. Quality Assurance Engineer  Jr. QA EngineerExperien,0,0,0.0,True
4839,Technical Product Manager  Contentful (#URL_0252efddcbc,0,0,0.002,True
10641,Business Developer - Strategic Partnerships Massive Med,0,0,0.012,True
9073,UI Designer Why CSD?CSD is not only a great place to wo,0,0,0.012,True
8096,Satellite Data Assimilation Scientist Riverside is an i,0,0,0.004,True
15608,VP of Customer Success (Head of) NuORDER is the fast-gr,0,0,0.006,True
5714,Production Trading Floor Support  Production Trading Fl,0,0,0.034,True
1493,Assistant Retail Manager -- Must LOVE Dogs  “Pride is a,0,0,0.0,True
9540,English Teacher Abroad We help teachers get safe &amp; ,0,0,0.0,True
16585,Webdesigner/sviluppatore WordPress  Ricerchiamo webdesi,0,0,0.046,True
3680,Customer Success Manager - London We build software for,0,0,0.002,True
8896,Front Desk Concierge (Luxury Condo) CSI International i,0,0,0.004,True
14121,PeopleSoft Functional Lead ValleySoft is a fast growing,0,0,0.006,True
7369,"Construction Engineer, Architect, Civil, Mechanical, Pi",0,0,0.006,True
11916,QUALITY ASSURANCE ASSISTANT Zylun’s mission is to help ,0,0,0.006,True
237,English Teacher Abroad We help teachers get safe &amp; ,0,0,0.0,True
16326,Business Development Call Center Rep Stokes Automotive ,0,0,0.0,True
10220,"Receptionist - Part Time Novitex Enterprise Solutions, ",0,0,0.004,True
15777,DH4 5RH Warehouse Apprenticeship available under NAS 16,0,0,0.002,True
380,Ext JS Developer  The Ext JS Developer is a key member ,0,0,0.06,True
13196,Junior/Intermediate Python Dev  You’ll be primarily res,0,0,0.052,True
12356,Administrative Coordinator Vayu builds affordable unman,0,0,0.008,True
15225,Store Manager - Papa John's Pizza Take Out Brands is a ,0,0,0.0,True
3685,Broadcast Audio Technician Applied Memetics LLC is a pr,0,0,0.006,True
17205,2nd level support engineers (MS Dynamics NAV) Software ,0,0,0.002,True
9954,"Freelance Writers Wanted! Talent Inc., is redefining ho",0,0,0.01,True
7074,Construction Analyst (Safety) Middle East Recruitment i,0,0,0.006,True
13728,Data Analysis Associate  Job Description Summary/Essent,0,0,0.076,True
16277,Accounting & Finance Manager (Patras) Optimal Business ,0,0,0.0,True
4273,"Android Developer  Certoid is an identity, impersonatio",0,0,0.016,True
10633,"Fall Analyst Our work at HPS is collaborative, centered",0,0,0.006,True
15834,Social Media Manager Lifehack is widely recognized as o,0,0,0.004,True
60,Graduates: English Teacher Abroad (Conversational) We h,0,0,0.0,True
14295,"IT Security Administrator Traffic Safety Systems, Innov",0,0,0.006,True
13543,News Cycle Management Internship Our work at HPS is col,0,0,0.016,True
9185,Graduates: English Teacher Abroad (Conversational) We h,0,0,0.0,True
1259,Customer Service/Office Leader  We are looking for 1 Cu,0,0,0.244,True
3463,Business Development Manager  We are currently looking ,1,0,0.062,False
274,Certification & HALT testing Manager hello worldtalents,0,0,0.006,True
14134,Business Development Intern  Contentful (#URL_5a4bd8f0d,0,0,0.006,True
7325,"DSP Research Engineer - C++ Python Linux - Francisco, C",0,0,0.028,True
4785,"International Broadcaster, Uzbek Language Applied Memet",0,0,0.0,True
14828,System QA Tester With an exceptional record of over 50%,0,0,0.004,True
2671,Consultant Vascular Surgeon Job in Saudi Arabia We the ,0,0,0.006,True
3060,Business Intelligence (BI) Developer WHY WORK AT IMAGIN,0,0,0.004,True
3505,"Systems Engineer III Founded in 2001, E Squared C began",0,0,0.006,True
14469,"Home Health RN--Show Low, AZ Critical Nurse Staffing, I",0,0,0.002,True
15764,Addiction and Mental Health Counsellor Since 1973: Work,0,0,0.0,True
10693,"Sales Representative WDM Group is an innovative, forwar",0,0,0.004,True
16134,Community Manager VTEX is the leading e-commerce soluti,0,0,0.07,True
206,Baby Care Advisor HGS is a world leader in Customer Rel,0,0,0.002,True
17218,English Teacher Abroad We help teachers get safe &amp; ,0,0,0.0,True
9520,Interaction Designer Unify — formerly known as Siemens ,0,0,0.0,True
15685,Data Scientist Balanced Labs exists to provide accounta,0,0,0.002,True
13402,Super Marketing Specialist  “What do you want to be whe,0,0,0.0,True
9374,Legal Analyst - 12 Month FTC MarketInvoice is one of th,0,0,0.006,True
16785,English Editor Daily Secret is the fastest growing digi,0,0,0.038,True
12393,English Teacher Abroad We help teachers get safe &amp; ,0,0,0.0,True
1096,Network Engineer Upstream’s mission is to revolutionise,0,0,0.026,True
14194,Front of House ustwo offers you the opportunity to be y,0,0,0.004,True
8596,Siemans - Pricing Analyst Pricing Recruiters is the lea,0,0,0.038,True
7867,Summer Intern at an Awesome Fashion Tech Design House W,0,0,0.044,True
11574,Sales Development Manager Founded in 2010 by a team fro,0,0,0.0,True
11999,"QA Analyst Street Solutions, Inc. (SSI) develops softwa",0,0,0.008,True
7553,Scheduling Engineer Middle East Recruitment is a specia,0,0,0.002,True
7446,"Director, eCommerce McKibbon Hotel Management, Inc., ba",0,0,0.0,True
8974,English Teacher Abroad (Conversational) We help teacher,0,0,0.0,True
17181,Mobile CTO/Co-founder (Android) SportPointMe is a new s,0,0,0.01,True
14317,Lean Manufacturing We Provide Full Time Permanent Posit,0,0,0.0,True
5503,Senior Frontend Consultant We have created the world’s ,0,0,0.002,True
1475,Senior QA Engineer Joist is a platform for trades contr,0,0,0.002,True
1,"Customer Service - Cloud Video Production 90 Seconds, t",0,0,0.0,True
4157,Sales Associate Can data be a thing of beauty? We think,0,0,0.002,True
6038,Digital Marketing Assistant The field of Social Network,0,0,0.016,True
9717,VP Product  We are looking a highly experienced and vis,0,0,0.018,True
12945,Project Manager  This project is to help staff up the A,0,0,0.044,True
149,Account Executive - Philadelphia Our passion for improv,0,0,0.0,True
4054,Administrative Assistant - Sales Support SpotSource Sol,0,0,0.008,True
2714,"Merchandise Showroom Manager EVH is a fashion, lifestyl",0,0,0.038,True
4848,Sales\Tradeshow associate for wholesale store  compensa,0,0,0.024,True
17261,Junior Animator MediaMonks is the biggest creative digi,0,0,0.0,True
17226,"Support Specialist (Caregiver), Your Choice of Schedule",0,0,0.004,True
4511,Product Manager One Zero Capital is an investment holdi,0,0,0.026,True
4886,IT Test Manager Eviture is a professional services firm,0,0,0.0,True
15025,Customer Support Specialist Workable is a venture-backe,0,0,0.002,True
12084,Technical Partner Manager Founded in 2010 by a team fro,0,0,0.0,True
13793,"Sales/Business Development  Full Time, First Shift Imme",0,0,0.09,True
12428,Sales Advisor (outbound) 32k OTE Aquira help businesses,0,0,0.01,True
7699,Mirfield Retail Apprenticeships 16-18 Year Olds Only Du,0,0,0.0,True
10636,"Full Time Caregiver (Position 1) for Easygoing, Caring ",0,0,0.006,True
13578,Technical Support Executive Being into the IT domain fo,0,0,0.0,True
14701,Front End Product Manager With an exceptional record of,0,0,0.018,True
10053,Investor Development Intern 3 - 6 Months MarketInvoice ,0,0,0.0,True
5427,Records Clerk Job in Orange County  A well-known law fi,0,0,0.09,True
11222,"Senior Account Executive, Non-Profits StayClassy is a f",0,0,0.002,True
10918,Agent inbound business Delivering superior customer ser,0,0,0.002,True
2965,Customer Service Team Leader PowToon (#URL_84da40102d63,0,0,0.034,True
16367,"Copywriter  Conseev is a small, fun, fast-growing techn",0,0,0.088,True
1753,Marketing Intern Daily Secret is one of the fastest gro,0,0,0.004,True
1321,Success Engineer (Remote) Intercom (#URL_cb674f93cbcd21,0,0,0.0,True
16331,Entry Level Business Analyst At the core of IT’s challe,0,0,0.016,True
7600,"General Manager, Water Transfer (Oil & Gas) Valor Servi",0,0,0.012,True
11749,Elite Agent Shipster is the fastest way to send anythin,0,0,0.002,True
2395,Marketeer Social Media Share Button that Creates Income,0,0,0.03,True
8953,Environmental Health & Safety Compliance Manager Shirle,0,0,0.006,True
8872,The Most Interesting Job in the World Jiffy Worldwide i,0,0,0.042,True
14612,PR AE/SAE We are a PR and social media agency that goes,0,0,0.002,True
9012,Sr SQL Developer CAKE is a marketing technology company,0,0,0.002,True
16943,Friendly Customer Service Employees LEI Home Enhancemen,0,0,0.0,True
14065,English Teacher Abroad We help teachers get safe &amp; ,0,0,0.0,True
10890,Agent-Inbound Sales Position Delivering superior custom,0,0,0.002,True
13558,Frontend Developer hello worldtalents23_ drives the cha,0,0,0.0,True
10819,Product Manager Favado is changing the way people shop ,0,0,0.002,True
13179,Silvertown DGV Apprenticeship available for 18 year old,0,0,0.0,True
1936,Graduate Fraud Executive ding* is the world’s largest t,0,0,0.0,True
8530,PT / FT Drivers  Join Breeze (#URL_c5149a9c2c58a67c6309,0,0,0.018,True
8254,Senior Java Developer hello worldtalents23_ drives the ,0,0,0.0,True
5668,Senior Java Developer Upstream’s mission is to revoluti,0,0,0.0,True
3888,Content Marketing We believe cities are complicated. An,0,0,0.0,True
4668,Human Resource Director As the industry’s largest suppl,1,1,0.682,True
5577,Immediate Opening: Senior Storage Administrator for Qat,1,1,0.708,True
2123,QA specialist Pinnatta is the world’s first interactive,0,0,0.002,True
13878,Senior Unix/Linux Production Engineer EUROPEAN DYNAMICS,0,0,0.0,True
12797,SAP BW/BO Senior CONSULTANT Visual BI is one of the lea,0,0,0.006,True
11518,UX Designer - Web Ixonos is a global design + technolog,0,0,0.0,True
7801,Senior Java Developer EUROPEAN DYNAMICS (#URL_c66532ffa,0,0,0.0,True
4807,Administrative Assistant  Arise Virtual Solutions is a ,1,0,0.312,False
276,Account Executive The front door to most businesses is ,0,0,0.0,True
14520,New Product Development Project Leader We Provide Full ,0,0,0.0,True
15824,Inference in Wireless Applications MERL's internship pr,0,0,0.0,True
15551,Senior Test Engineer EUROPEAN DYNAMICS (#URL_c66532ffa1,0,0,0.016,True
5085,Translation Project Manager  An international translati,0,0,0.006,True
5949,Customer Service Associate Novitex Enterprise Solutions,0,0,0.002,True
853,Shuttle Bus Driver - Windsor Voyageur is one of Ontario,0,0,0.0,True
17860,Sr. SQL Server DBA  Position: Sr. SQL Server DBALocatio,0,0,0.036,True
5753,UI/UX Designer AGOGO creates a personalized audio chann,0,0,0.0,True
10040,"Customer Service/ $18hr  SUMMARYPlans, prepares and coo",0,0,0.028,True
3726,Resident Services Coordinator (Part-Time) MAC Property ,0,0,0.01,True
12021,Care Trainer Leicester Are you passionate about making ,0,0,0.008,True
17863,"Implementation Support Specialist We design, build, sel",0,0,0.004,True
11940,Marketing Director - Global Squiz is one of the world's,0,0,0.0,True
2756,Front End Engineer Abakus is a software platform built ,0,0,0.002,True
10013,"Buying Analyst (Intern) We design, make and sell furnit",0,0,0.0,True
13892,Senior SharePoint Developer EUROPEAN DYNAMICS (#URL_c66,0,0,0.0,True
1317,Oil Marketing Manager  Primary responsibility is to hav,0,0,0.116,True
10692,Banking Attorney Senior LKM Search Solutions is an Exec,0,0,0.008,True
4135,Field Sales Representative Our Mission:Our mission is t,0,0,0.018,True
5857,Recruiter (IT Focus) PROSULTING IS PEOPLE The ProSultin,0,0,0.0,True
17108,"Logistics Coordinator & Client Service For 40 Years, Ce",0,0,0.046,True
1037,Office Manager/ Team Assistant We believe cities are co,0,0,0.002,True
3135,Sales Account Executive HireHopes is the premier profes,0,0,0.064,True
12984,Elearning Developer/Instructional Designer SQLearn has ,0,0,0.002,True
4892,Minnesota Spanish Bilingual Communication Assistant Why,0,0,0.0,True
9497,Legal and Finance / Open Positions Medopad is the leadi,0,0,0.002,True
2748,LEAD DESIGNER @Driftrock Social Media has the power to ,0,0,0.0,True
9352,Product Photographer Shop Hers is the only peer-to-peer,0,0,0.0,True
12957,"Security Engineer We design, deploy, and maintain advan",0,0,0.006,True
3611,"Account Sales Managers $80-$130,000/yr We have aggressi",1,1,1.0,True
8367,Remote Customer Success Agent Kudoserve is a new kind o,0,0,0.01,True
17470,"User Interface Engineer Wiredrive is a fast growing, pr",0,0,0.0,True
15643,Vice President - Corporate Finance (Real Estate) PROSUL,0,0,0.004,True
9886,Senior Process Engineer  Provide process engineering su,0,0,0.17,True
9693,Collections Crest Financial is one of the leading priva,0,0,0.002,True
1993,Facilities Development Engineer Aker Solutions is a glo,1,1,0.85,True
425,"Estimator ABC Supply Co., Inc. is the nation’s largest ",0,0,0.0,True
17076,Escrow Officer / Title Closer Network Closing Services ,0,0,0.0,True
1717,Web Product Lead Entertainment everywhere. Operating un,0,0,0.0,True
15861,HR Manager Sparkol is a growing software company based ,0,0,0.0,True
11188,Account Manager THE COMPANY: theAudience (#URL_f3517a05,0,0,0.006,True
5676,Content Director Digital Brand Architects is a transfor,0,0,0.0,True
5366,English Teacher Abroad (Conversational) We help teacher,0,0,0.0,True
14004,Business Development Manager  Lean Startup Machine (LSM,0,0,0.01,True
9512,iOS Engineer  At Evergive our mission is to make a posi,0,0,0.028,True
10620,Senior Electronic Engineer  Brewbot is building a tight,0,0,0.004,True
17178,Project Controls Specialist  Project Controls Specialis,0,0,0.004,True
6226,Computer Support Specialist Ripple is the Humans First®,0,0,0.006,True
16065,Star (Retail Associate) - Oakbrook Center 02 Ready to l,0,0,0.0,True
7566,iOS Developer BlueLine Grid is transforming government ,0,0,0.004,True
10776,Project Accountant Asst  Responsibilities: Conducts hig,0,0,0.192,True
3341,Marketing Internship - Summer 2014 We're an emerging te,0,0,0.008,True
15869,Product Manager EROAD was established to modernise New ,0,0,0.004,True
13994,Digital Ad Sales Account Executive  Digital Ad Sales Ac,0,0,0.0,True
8348,Creative Content Writer (Part Time) Who are we?Creators,0,0,0.0,True
1673,NodeJS Developer Visual BI is one of the leading and fa,0,0,0.002,True
4909,WF17 Admin Support Apprenticeship Under NAS 16-24 Year ,0,0,0.002,True
8955,"Customer Service Representative  Our client, a growing ",0,0,0.054,True
10244,TEMPLATE-Co-Superstar (Asst. Store Manager) - ENTER LOC,0,0,0.0,True
9360,Finance Manager: Sales Organization The RealReal is cha,0,0,0.0,True
15400,Data Scientist Red Canary is a computer security startu,0,0,0.0,True
10583,Operations & Logistics Manager - Miami Shyp is the easi,0,0,0.0,True
1535,Jr. Account Executive  Responsible to generate new busi,0,0,0.112,True
7068,Estimating Engineer Middle East Recruitment is a specia,0,0,0.0,True
9640,English Teacher Abroad We help teachers get safe &amp; ,0,0,0.0,True
6826,Business Development Manager - Reliefwatch (Impact Engi,0,0,0.0,True
6433,Maintenance Technician We Provide Full Time Permanent P,0,0,0.0,True
2690,Sr. Design Engineer Mechanical - 3D CAD We Provide Full,0,0,0.0,True
13526,Graphics Engineer MaxPlay™ is a cross-platform digital ,0,0,0.0,True
14818,Supervisor - Voyageur Medical Voyageur is one of Ontari,0,0,0.012,True
3810,Production Supervisor We Provide Full Time Permanent Po,0,0,0.0,True
15397,Customer Success Manager Workable is a venture-backed s,0,0,0.0,True
17595,Data Entry Admin/Clerical Positions - Work From Home  A,1,1,1.0,True
6016,Home Automation and Alarm Sales Office Launch - AT&T Di,0,0,0.004,True
4730,Customer Support Executives  Located amidst the picture,0,0,0.09,True
1084,Physical Therapist Outpatient and SNF Supply chain mana,0,0,0.022,True
12588,Buyer We Provide Full Time Permanent Positions for many,0,0,0.0,True
16038,Manufacturing Engineering Manager We Provide Full Time ,0,0,0.0,True
10732,Systems Engineers/Network Administrators/Tiers I-III At,0,0,0.0,True
5785,Java / Full Stack Developer #URL_113293def7854ad08ee4ec,0,0,0.006,True
9225,Senior Tax Professional for Product Manager Balanced La,0,0,0.02,True
10599,Military Veterans Wanted for Solar Energy Construction ,0,0,0.0,True
11319,OUD: Business Controller 3. SummaView is een jong bedri,0,0,0.0,True
16210,Process Engineer We Provide Full Time Permanent Positio,0,0,0.0,True
15258,English Teacher Abroad We help teachers get safe &amp; ,0,0,0.0,True
7304,Front-End / JavaScript Engineer If working in a cubical,0,0,0.0,True
4843,Back-end Developer Python/Django #URL_31fdc354999cbb965,0,0,0.002,True
2317,Customer Service Representative - Verizon NY Marketing ,0,0,0.0,True
8642,"Courier Novitex Enterprise Solutions, formerly Pitney B",0,0,0.002,True
10338,English Teacher Abroad We help teachers get safe &amp; ,0,0,0.0,True
1620,Account Manager WebLinc is the e-commerce platform and ,0,0,0.0,True
1859,Head of machining department Aker Solutions is a global,1,1,0.944,True
11041,Customer Service Associate Novitex Enterprise Solutions,0,0,0.0,True
7537,Regional Inside Sales Representative We Provide Full Ti,0,0,0.0,True
7501,Speech Language Pathologist (Home Health) Mission State,0,0,0.0,True
4253,English Teacher Abroad (Conversational) We help teacher,0,0,0.0,True
2106,Front Desk Receptionist At Command we care enough to co,0,0,0.0,True
8224,Ninja Marketing Card Cardback (#URL_90abbb32080c1fe9e20,0,0,0.0,True
17280,Southampton Fragrance/Beauty Staff Needed Established o,0,0,0.0,True
1799,Partnerships/Business Development Intern If working in ,0,0,0.04,True
3334,iOS Developer Fueled is a NY-based design and developme,0,0,0.0,True
12568,Senior Software Engineer Balanced Labs exists to provid,0,0,0.0,True
11257,Production Supervisor We Provide Full Time Permanent Po,0,0,0.002,True
3012,Project Manager (Retail Displays/Fixtures) PROSULTING I,0,0,0.002,True
6959,"Oracle Financials Collabera is a fast growing, end-to-e",0,0,0.012,True
7238,Security Officer (SO) At SMGI we believe that 'Our Peop,0,0,0.006,True
11692,English Teacher Abroad We help teachers get safe &amp; ,0,0,0.0,True
8805,Sales Professional - Buiding Products Great Customer Se,0,0,0.024,True
4826,English Teacher Abroad We help teachers get safe &amp; ,0,0,0.0,True
8337,English Teacher Abroad We help teachers get safe &amp; ,0,0,0.0,True
240,Customer Service Associate Novitex Enterprise Solutions,0,0,0.0,True
9146,Sales Professional - Buiding Products Great Customer Se,0,0,0.06,True
12446,Sr. Oracle WebCenter Technical Consultant at VA  Locati,0,0,0.134,True
10063,"CDL Driver-Omaha ABC Supply Co., Inc. is the nation’s l",0,0,0.0,True
5539,Business Development Specialist StayClassy is a fast-gr,0,0,0.0,True
15453,Community Ambassador Polish-speaking (Remote) Want to b,0,0,0.0,True
14579,Sales Development Representative The idea behind Zingle,0,0,0.012,True
13862,Digital Marketing Trainee mbriyo supports start-ups in ,0,0,0.03,True
1024,Office Manager Daily Secret is one of the fastest growi,0,0,0.016,True
1873,Marketing Coordinator/Manager PROSULTING IS PEOPLE The ,0,0,0.004,True
16896,PHP Developer  Our client is looking for a PHP develope,0,0,0.008,True
6708,Administrative Assistant AREA 17 is an interactive agen,0,0,0.132,True
15230,"Software Developer - C# SQL ASP.NET MVC - Vancouver, Br",0,0,0.07,True
873,"Graphic/web designer  Join our marketing team, helping ",0,0,0.038,True
1232,Sales Manager Zomato is South Asia’s largest restaurant,0,0,0.024,True
15663,Driver Onboarding Associate Our mission is to bring the,0,0,0.002,True
681,Web Developer Located in the heart of downtown Kansas C,0,0,0.006,True
14233,Admin Assistant - Seoul We are an digital product agenc,0,0,0.06,True
16347,Software Development Intern  Contentful (#URL_0252efddc,0,0,0.0,True
6021,Social Media/SEO Professionals  FTC Global is an Intern,0,0,0.028,True
868,Community Manager Tradable's award winning platform hel,0,0,0.002,True
15420,"Sr. Project Engineer - HVAC CAD MS Office - Richmond, V",0,0,0.02,True
9884,Assistant Training and Quality Development Facilitator ,0,0,0.002,True
12425,Outbound Telecoms Lead Generation Advisor (Mon-Fri 9am-,0,0,0.018,True
11819,Backend Platform Engineer Based in San Francisco with a,0,0,0.0,True
11721,Lead UI/UX Designer The Boston Consulting Group (#URL_4,0,0,0.0,True
5448,Software Developer Upstream’s mission is to revolutioni,0,0,0.0,True
13474,"Data Engineer  If you are a hands-on data scientist, cr",0,0,0.028,True
9069,Graduates: English Teacher Abroad (Conversational) We h,0,0,0.0,True
15360,Digital Marketing Manager ehumanlife is a medical platf,0,0,0.0,True
14560,Full Stack Python Developer RhodeCode provides the lead,0,0,0.0,True
371,Marketing Director Bluebridge was created by a team of ,0,0,0.0,True
15681,Community Ambassador French-speaking (Remote) Want to b,0,0,0.0,True
16494,Operations & Logistics Manager - Los Angeles Shyp is th,0,0,0.0,True
6620,Sales Advisors  K&amp;L import and export ltd. are look,0,0,0.048,True
2112,Operations Specialists Want to build a 21st century fin,0,0,0.0,True
12151,Lead Developer / Scrum Master Glownet is the UK startup,0,0,0.004,True
609,Care Worker jobs Basingstoke - lots of hours Are you pa,0,0,0.03,True
7346,Housing Counselor  BASIC JOB FUNCTION&nbsp;&nbsp;&nbsp;,0,0,0.042,True
263,WF4 4DS Customer Service Apprenticeship Under NAS 16-18,0,0,0.002,True
9147,English Teacher Abroad (Conversational) We help teacher,0,0,0.0,True
10193,"Part Time Administrative Assistant With over 1,300 inve",0,0,0.068,True
3568,Legal Assistant/Secretary  A Distinguished Law Firm spe,0,0,0.146,True
564,Wordpress Designer and Expert for Startup | StudyHall.c,0,0,0.002,True
5098,Industrial Hygienist  Job Overview Apex is an environme,0,0,0.062,True
14139,Wakefield Trainee Marketing Consultant Apprenticeship U,0,0,0.0,True
16117,Client Services Manager Located in the heart of downtow,0,0,0.01,True
11732,Operations Lead / New Business Babbel enables anyone to,0,0,0.058,True
6724,Real Estate Agent Mission Statement: We are a community,0,0,0.0,True
2582,Database Engineer Holic is a platform that aims to help,0,0,0.016,True
17376,"Developer, Android ustwo offers you the opportunity to ",0,0,0.014,True
15242,Account Management Intern Playfair Capital is an early ,0,0,0.016,True
5153,Front-End Engineer Flite delivers ad innovation at scal,0,0,0.0,True
645,Senior .NET Developer EgyptNetwork is a fast growing IT,0,0,0.008,True
16938,"Appointment Coordinator LEI Home Enhancements, is an Oh",0,0,0.0,True
390,Creative Strategist LHBS is an unconventional strategy ,0,0,0.0,True
334,"IT Consultant/Engineer Position Available  Our client, ",0,0,0.016,True
511,"Inside Sales Professional ABC Supply Co., Inc. is the n",0,0,0.004,True
8030,Administrative Coordinator PINT is a leader in the web ,0,0,0.008,True
959,Senior Software Engineer Orange County Tech Recruiters ,0,0,0.04,True
4032,Marketing Associate Infogram is the data visualization ,0,0,0.004,True
11224,"Production Artist We're an emerging technology agency, ",0,0,0.004,True
10512,Software Developer 100mentors answers the question: «Wh,0,0,0.002,True
15426,Application Developer We Provide Full Time Permanent Po,0,0,0.0,True
3762,TV Set Maintenance Technician Applied Memetics LLC is a,0,0,0.034,True
585,"Clinical Optometrists, Leicester & Nuneaton Newmedica i",0,0,0.002,True
3038,Back End Software Engineer (Junior)  Certoid is an iden,0,0,0.024,True
17088,Full Stack Ruby Engineer  A Career [Here]Do you want to,0,0,0.022,True
9011,Marketing Manager  ProServices is looking for a passion,0,0,0.018,True
2026,Front-End / Full-Stack Ruby on Rails Developer Bespoke ,0,0,0.014,True
9043,Director of Operations Recombine provides clinical gene,0,0,0.038,True
12472,Enterprise Integration Developer Our passion for improv,0,0,0.002,True
17022,Insurance Agent The Grizzly Agency is a consulting firm,0,0,0.006,True
685,Customer Service Associate (On Call) Novitex Enterprise,0,0,0.048,True
677,ServiceNow Consultant  Role: Service Now developer and ,0,0,0.018,True
5614,"Coordinator, Work on Purpose About ECHOING GREEN: Echoi",0,0,0.024,True
3721,Care Worker (Personal Assistant) Social Care Alba is th,0,0,0.0,True
14057,Digital Advertising Sales  DPG Digital Media is looking,0,0,0.116,True
9905,(Assistant) Accountant Massive Media is the social medi,0,0,0.022,True
12433,Sales Professional- SMB Making Mobile Device Management,1,1,0.918,True
8880,Acquisition Marketing Manager - Netlog Massive Media is,0,0,0.004,True
9641,Managing Editor PEI Media (#URL_4cffe430b8da4c0d7e6074d,0,0,0.0,True
16901,Client Support Specialist We are a small but ambitious ,0,0,0.026,True
15857,Collection Account Representatives Tidewater Finance Co,0,0,0.0,True
4536,Customer Service Representative Gary Cartwright establi,1,1,1.0,True
14331,Circuit design and micro controller programmer  We want,0,0,0.082,True
12251,Sales Manager - General Trade Local expertise with an i,0,0,0.036,True
17148,Rational Software Architect Electus believes in long-te,0,0,0.0,True
11007,Senior Programmer Analyst  Title: Senior Programmer Ana,0,0,0.044,True
13979,"Home Health CNA--Groveland, ID Critical Nurse Staffing,",0,0,0.0,True
15651,Product / QA Intern Shyp is the easiest way to send any,0,0,0.004,True
13357,Proposal and Sales Specialist  24/7 Networks has all th,0,0,0.028,True
15945,CNC Programmer We Provide Full Time Permanent Positions,0,0,0.0,True
7349,Computer/Electronics Engineer The National Observatory ,0,0,0.004,True
16473,IS Tester EUROPEAN DYNAMICS (#URL_c66532ffa1ce76ab447da,0,0,0.0,True
1967,Part Time Bookkeeper Locally owned and operated busy re,0,0,0.088,True
6033,Assistant Training & Quality Development Facilitator Ti,0,0,0.0,True
1670,HR Generalist  Standard Generalist duties that include:,0,0,0.09,True
14658,Senior Sales Executive - Southeast From the lands of Ca,0,0,0.0,True
2653,"Jr. Developer  Jr, DeveloperExperience : 2-6 yearsLocat",0,0,0.012,True
10699,Freelance Polish speaker (m) Babbel enables anyone to l,0,0,0.004,True
16,Hands-On QA Leader At HoneyBook we’re re-imagining the ,0,0,0.014,True
6259,Talent Management Process Manager We Provide Full Time ,0,0,0.0,True
10921,Java developer - online banking Eviture is a profession,0,0,0.002,True
1282,Marketing Coordinator Yazamo is a rapidly growing digit,0,0,0.006,True
4356,English Teacher Abroad We help teachers get safe &amp; ,0,0,0.0,True
11206,English Teacher Abroad We help teachers get safe &amp; ,0,0,0.0,True
1083,Messaging & Exchange Technician Virteva delivers manage,0,0,0.002,True
22,Engagement Manager Upstream’s mission is to revolutioni,0,0,0.0,True
15100,"Administrative Assistant (Digital, Internet, Mobile) At",0,0,0.022,True
5367,Editor in Chief - Fnatic.com Fnatic was founded in 2004,0,0,0.01,True
1031,General practitioner with Anaesthetics/O&G- Western Aus,0,0,0.034,True
11472,"Developer Founded in 1974 in Canada, and in 1985 in the",0,0,0.004,True
10233,Graphic Design Intern - Editorial University Beyond: Co,0,0,0.002,True
15249,Market Development / Inside Sales Specialist Built from,0,0,0.01,True
2107,INTERMEDIATE PHP DEVELOPER Zylun is expanding the recru,0,0,0.04,True
10591,PA/Office Manager - 2 weeks temp role Established on th,0,0,0.012,True
1269,CM3 4AJ Customer Service Apprenticeship Under NAS 16-18,0,0,0.0,True
10249,"UAL BlippDev As augmented reality jobs go, one at Blipp",0,0,0.0,True
6713,"NATIONAL Sales Manager - London, Home Counties and M4 c",0,0,0.0,True
6616,Part-time Receptionist & Administrative Assistant Pardo,0,0,0.024,True
9788,Account Manager - Los Angeles GPL Technologies is a sol,0,0,0.0,True
13506,Sales Person Roka Security is a boutique security firm ,0,0,0.002,True
290,Data Scientist Cylance is a global cybersecurity produc,0,0,0.0,True
12274,Social Investment Council Manager About ECHOING GREEN: ,0,0,0.016,True
10844,Customer Service Associate Novitex Enterprise Solutions,0,0,0.0,True
956,Senior Java/WEb Services Developer (Need local to CA)  ,0,0,0.026,True
3262,Ruby Web Application Developer Eagle develops products ,0,0,0.0,True
16776,Title Closer Network Closing Services has been serving ,0,0,0.0,True
9790,Leeds Manufacturing Apprenticeship Under NAS 16-18 Year,0,0,0.02,True
9238,Senior Mechanical Designer Vortex® is considered the wo,0,0,0.006,True
2647,Food Quality We Provide Full Time Permanent Positions f,0,0,0.0,True
1332,Retail Manager - Location TBD  “Pride is a personal com,0,0,0.004,True
10316,ARIS Consultant  The Techno Functional ARIS Consultant ,0,0,0.042,True
1915,Clinical Study Manager  The Study Manager will be accou,0,0,0.142,True
8289,3x Data Analyst (6 months fixed-term) NOW: Pensions is ,0,0,0.008,True
2910,"Chief Operating Officer (near Jacksonville, FL) Hospita",0,0,0.104,True
12752,Superstar (Store Manager) - Oakbrook Center Ready to le,0,0,0.01,True
11759,Project Engineer Staffing &amp; Recruiting done right f,1,1,0.876,True
6245,RUBY DEVELOPER/ANALYTICS  Experience Required:1-3 years,0,0,0.136,True
3865,Software Engineer - Java Server Applications Innovative,0,0,0.0,True
8855,HA7 Sales and Admin Apprenticeship Under NAS 16-18 Year,0,0,0.004,True
549,Programmer/ Analyst  Ανάπτυξη και Υποστήριξη ΕφαρμογώνΓ,0,0,0.008,True
8616,Visual Designer The Boston Consulting Group (#URL_45423,0,0,0.002,True
17592,Home Based Payroll Typist/Data Entry Clerks Positions A,1,1,1.0,True
7925,Software Engineer-JAVA Cigniti Inc. is a 15 year old Ir,0,0,0.004,True
11121,Luxury fragrance consultants needed for Xmas! Establish,0,0,0.0,True
6144,Physician Assistant PA Dermatology 1843  1843Job Title:,1,0,0.258,False
12583,Junior Interaction Designer Unify — formerly known as S,0,0,0.0,True
13502,Unsolicited Application WHO WE AREIn2media has ever sin,0,0,0.0,True
3134,PPC Wizard ding* is the world’s largest top-up provider,0,0,0.0,True
2547,Business Integration Specialist Q2Hire has been deliver,0,0,0.002,True
8921,Customer Services Executive: up to 35k depending on exp,0,0,0.01,True
3405,Elementary Teacher The Albany Charter School Network is,0,0,0.0,True
5123,Lead .NET Developer  Want to work in a cool company wit,0,0,0.076,True
5076,Office Manager  As Brewbot grows in Belfast and the US ,0,0,0.014,True
2800,Recruitment coordinator Minsk  Adform is engineering co,0,0,0.01,True
1235,Manager of Operations VisaHQ hires a diverse and intern,0,0,0.006,True
673,Corporate Marketing Coordinator Optimal Business Action,0,0,0.0,True
10756,Beauty & Fragrance consultants needed Established on th,0,0,0.0,True
8406,Windows Systems Administrator Hellas Direct is a new in,0,0,0.004,True
3673,Supply Chain Help Desk  This role will be in Business i,0,0,0.078,True
3336,Internship (Finance) This initiative is being led by a ,0,0,0.0,True
13661,Direct Support Professional- Van Wert MRSI is a nonprof,0,0,0.016,True
4008,"International Broadcaster, Ndebele and Shona languages ",0,0,0.0,True
16436,"UX Designer We’re Digital Telepathy, but our friends ca",0,0,0.002,True
8756,"Graphic Designer As augmented reality jobs go, one at B",0,0,0.0,True
10782,Director of Sales Infrascale is the only complete cloud,0,0,0.004,True
13634,Care Worker (Personal Assistant) Social Care Alba is th,0,0,0.0,True
11292,English Teacher Abroad We help teachers get safe &amp; ,0,0,0.0,True
15665,Logistics Coordinator Hawkeye Recruitment provides cost,0,0,0.046,True
4631,Front Desk/Office Assistant  PROSPER DANCE FORCE is see,0,0,0.156,True
15970,Cad Designer We Provide Full Time Permanent Positions f,0,0,0.0,True
5037,Mystery Shopper - Montana SDI Marketing started in 1988,0,0,0.026,True
15625,Front-End Engineer At HoneyBook we’re re-imagining the ,0,0,0.0,True
8392,Visual Designer The Boston Consulting Group (#URL_45423,0,0,0.002,True
17394,Communications and Marketing Internship Frustrated with,0,0,0.004,True
3839,Accounts Payable Supervisor  The Accounts Payable Super,0,0,0.198,True
11990,"Paid Media Specialist Founded in 1999, PowerChord is a ",0,0,0.004,True
14114,Ninja Web Engineer hello worldtalents23_ drives the cha,0,0,0.004,True
2271,Web Designer and Front End Developer Frustrated with th,0,0,0.002,True
3730,Customer Service Representative Envision Remodeling Co.,0,0,0.01,True
16507,Web Designer & Front End Developer We seek talented ind,0,0,0.046,True
1198,Android Engineer Intercom (#URL_cb674f93cbcd215a3a0a57a,0,0,0.004,True
13867,Contract Gameplay Programmer  Rogue Rocket Games has an,0,0,0.016,True
16840,Customer Service Representative  The Customer Service R,0,0,0.056,True
8741,Content Writer Established on the principles that full ,0,0,0.002,True
11104,"Director, Supply Chain - Strategy We Provide Full Time ",0,0,0.0,True
11599,Full-Cycle Recruiter (Oil & Gas) Valor Services provide,0,0,0.002,True
8247,Payroll Clerk At DynCorp International it is our commit,1,1,0.978,True
15712,Passport and Visa Specialist VisaHQ hires a diverse and,0,0,0.0,True
10396,Director of Software Engineering #URL_ddb080358fa5eecf5,1,1,0.994,True
12688,Customer Experience Specialist Casper is a sleep startu,0,0,0.004,True
11984,Customer Order Specialist EROAD was established to mode,0,0,0.016,True
7896,Graduates: English Teacher Abroad (Conversational) We h,0,0,0.0,True
2460,Customer Service Representative About Us:Based in Bethl,0,0,0.03,True
2819,Insurance Agent  Growing Berks County Independent Insur,0,0,0.178,True
6511,Graduates: English Teacher Abroad (Conversational) We h,0,0,0.0,True
16440,"Legal Services Clerk / Immigration Consultant, Downtown",0,0,0.03,True
16752,Customer Service Reps Needed For Expansion LEI Home Enh,0,0,0.0,True
4656,CALL CENTER MANAGER  Complex Care Solutions #URL_b2313e,0,0,0.256,True
17355,Marketing Intern University Beyond: Connecting Students,0,0,0.012,True
4590,English Teacher Abroad We help teachers get safe &amp; ,0,0,0.0,True
12892,English Teacher Abroad We help teachers get safe &amp; ,0,0,0.0,True
14259,Legal Secretary  Lone Star legal Aid (LSLA) seeks a ful,0,0,0.098,True
14454,Compliance Analyst  IT Compliance Analyst This analyst ,0,0,0.022,True
11243,"Sales Representative  Westview Financial Services, loca",0,0,0.0,True
15718,"Home Health Aide-Montrose, CO Critical Nurse Staffing, ",0,0,0.0,True
7400,OX1 2JD Customer Service Apprenticeship Under NAS 16-18,0,0,0.002,True
11261,Maintenance Technician We Provide Full Time Permanent P,0,0,0.0,True
11511,PHP/Web Developer SQLearn has an extensive experience a,0,0,0.002,True
5,Accounting Clerk  Job OverviewApex is an environmental ,0,0,0.004,True
16740,Sharepoint Developer Required for UAE VAM SYSTEMS is a ,0,0,0.058,True
8984,Customer Service Associate - Part Time Novitex Enterpri,0,0,0.0,True
2114,Chief Financial Officer Jiffy Worldwide is the parent c,0,0,0.004,True
5792,PHP Developer ConsumerTrack is a technology-centric int,0,0,0.0,True
876,Director of Account Management  The Director of Account,0,0,0.076,True
2209,Data Entry Admin/Clerical Positions - Work From Home  A,1,1,1.0,True
98,IC&E Technician Staffing &amp; Recruiting done right fo,1,1,0.96,True
17057,Project Manager  Position: Project ManagerLocation: San,0,0,0.054,True
15799,Pharmaceutical / Compound Sales Representative- Massach,0,0,0.0,True
4327,Brand Ambassador Consulting: Our efforts are to help cl,0,0,0.012,True
11435,Community Programs Manager Envision Consulting conducts,0,0,0.008,True
8370,Community Support Specialist (PT) Why CSD?CSD is not on,0,0,0.006,True
6419,Line Cook & Dishwashers  Juniper Grill in Cranberry is ,0,0,0.012,True
13177,Backend Engineer #URL_8417994cbfc9bdd39291d438b83cd3b9c,0,0,0.006,True
13286,Mechanical Engineer We Provide Full Time Permanent Posi,0,0,0.0,True
6512,"Project Manager  Yes, this is a commission job in which",0,0,0.3,True
9446,Android Developer Neusoft America is a division of Neus,0,0,0.0,True
13720,Product Specialist EROAD was established to modernise N,0,0,0.0,True
12119,"Part-Time Admin/Accounts Ninja 90 Seconds, the worlds C",0,0,0.0,True
5645,EXPERIENCED MALE CAREGIVERS NEEDED TODAY!THE BEST PAY &,0,0,0.0,True
10572,iOS Developer MediaMonks is the biggest creative digita,0,0,0.0,True
12716,iOS Engineer hello worldtalents23_ drives the change in,0,0,0.016,True
9217,Liverpool Fragrance and Beauty Promotional Staff Establ,0,0,0.0,True
16828,"Customer Service Positions LEI Home Enhancements, is an",0,0,0.0,True
15885,Marketing - Admin Support PROSULTING IS PEOPLE The ProS,0,0,0.006,True
4251,Experienced and Reliable Warehouse Worker  Should have ,0,0,0.15,True
8396,Desenvolvedor Web Somos uma empresa de TI foda! Você go,0,0,0.012,True
8582,Sales Associate - Rippleshot The story of the Great Chi,0,0,0.002,True
4555,Recruiter - Writer Relations  Write Enterprise is an ed,0,0,0.088,True
1343,Risk Manager Viva Payments is one of the first Payments,0,0,0.046,True
10957,New York Relay Supervisor Why CSD?CSD is not only a gre,0,0,0.004,True
5561,Accounting Administrator (Part time) Founded in 2010 by,0,0,0.002,True
6044,C++ Developer for NPAPI Cross-Browser Plugin codebender,0,0,0.0,True
127,Pharmaceutical / Compound Sales Representative- Georgia,0,0,0.0,True
2486,Digital Account Manager MSPS is an award-winning Integr,0,0,0.006,True
17282,QA Engineer (Contract)  Bletchley is a design-focused e,0,0,0.024,True
1762,Accounting Manager/Assistant Controller THE COMPANY: SC,0,0,0.0,True
17341,Database Developer Search We need awesome people!#URL_0,0,0,0.0,True
1296,Office Administrator MarketInvoice is one of the most h,0,0,0.016,True
6450,Tech Support Specialist HireHopes is the premier profes,0,0,0.012,True
265,Office Manager/Executive Assistant Casper is a sleep st,0,0,0.008,True
11603,Senior Digital Designer Squiz is one of the world's lea,0,0,0.0,True
11742,Sports Coach / PE Teacher We place highly qualified gov,0,0,0.076,True
12035,Beauty & Fragrance consultants needed Established on th,0,0,0.0,True
10627,Web Developer (AngularJS) We founded this company on th,0,0,0.004,True
17832,Sales Controller / Assistant  Based in the heart of the,0,0,0.002,True
5840,Real Estate Project Manager  We are hiring a real estat,0,0,0.036,True
13062,Analyst Red Canary is a computer security startup that ,0,0,0.03,True
4029,"PHP Developer You're a skilled developer. You build, re",0,0,0.008,True
5666,Winter / Spring Internship  Maybe you’ve got an ear for,0,0,0.004,True
3822,Service Technician II MAC Property Management is dedica,0,0,0.004,True
5442,"Controls Engineer - Farmington Hills, MI Systems Techno",1,0,0.31,False
12143,EXPERIENCED CAREGIVERS NEEDED TODAY!THE BEST PAY & AWES,0,0,0.0,True
14734,Regional Inside Sales Representative We Provide Full Ti,0,0,0.0,True
7748,Accountant Bright Edge and Aptitude Staffing Solutions ,1,1,0.584,True
3875,"International Broadcaster, Korean Service Applied Memet",0,0,0.0,True
55,Junior HR Marketing Manager We are Netguru and we love ,0,0,0.008,True
15719,"Clinic Assistant, Suffolk Newmedica is a dynamic, innov",0,0,0.0,True
11040,Essex Customer Service Apprenticeship Under NAS 16-18 Y,0,0,0.0,True
8498,UI/UX Designer UFN is a dynamic start-up founded in 200,0,0,0.0,True
1421,Maintenance Technician Tidewater Finance Co. was establ,0,0,0.002,True
3755,"Front Desk Brokerage Administrator With over 1,300 inve",0,0,0.03,True
1072,"Sponsorship and Events Executive, part-time  Our client",0,0,0.068,True
11474,Software Engineer We Provide Full Time Permanent Positi,0,0,0.0,True
6052,Mobile Software Engineer  Making music is easier now th,0,0,0.068,True
13599,Business Development Representative  Are you a competit,0,0,0.052,True
16722,Lead Information Architect CARES is Alabama’s approach ,0,0,0.002,True
10132,Senior Software Engineer - Backend WellAware is an oil ,0,0,0.032,True
9847,Software Engineer | Forecasting & Optimization #URL_ddb,1,1,0.978,True
4575,PR/Account Manager As a marketing and PR agency in Salt,0,0,0.022,True
4351,Sales Leader - Healthcare Veterans SpotSource Solutions,0,0,0.004,True
16717,Project Manager A Creative agency for Web Design &amp; ,0,0,0.01,True
8422,"UX Designer At iMATCHATIVE, we believe in the power of ",0,0,0.0,True
10279,Customer Service Rep (Video Games) Controller Chaos ope,0,0,0.008,True
8989,Senior Java Developer  The CompanyOur software platform,0,0,0.032,True
17501,"Lead iOS Developer Meet cove, a network of neighborhood",0,0,0.0,True
2828,Campaign Manager Upstream’s mission is to revolutionise,0,0,0.0,True
299,Customer Service Associate - Part Time Novitex Enterpri,0,0,0.0,True
11647,Help Desk Our CompanyAdcash® is an international advert,0,0,0.004,True
6722,"Team Lead- Warehouse Novitex Enterprise Solutions, form",0,0,0.014,True
16699,Escrow Officer / Title Closer Network Closing Services ,0,0,0.0,True
11634,Quality Assurance Specialist CallCentre People Recruitm,0,0,0.034,True
3976,"International Broadcaster, Georgian Language Applied Me",0,0,0.0,True
8078,English Teacher Abroad (Conversational) We help teacher,0,0,0.0,True
14352,Senior Front End Developer (Ruby on Rails) Boxbee is th,0,0,0.0,True
17021,Mask Design Engineer e-Solutions Inc. is a talent-drive,0,0,0.04,True
6282,Community Manager Massive Media is the social media com,0,0,0.0,True
16312,"Web Designer Wiredrive is a fast growing, privately-own",0,0,0.0,True
12418,Web Developer - Front End Young &amp; Shand is a full s,0,0,0.0,True
11586,(Senior) Developer Cloud Product (m/w) hello worldtalen,0,0,0.002,True
15639,Sales Rep for AT&T Solutions Provider - Management Trai,0,0,0.0,True
8528,Manufacturing Operations Supervisor We Provide Full Tim,0,0,0.0,True
2203,Accountant - Leading Private Equity Firm  DescriptionSt,0,0,0.054,True
8067,Fabricator - 2nd Shift Modern Automotive Performance is,0,0,0.024,True
10917,Technical Support Specialist  This newly created role w,0,0,0.076,True
13911,Content & Campaign Strategist for Social Impact Amplifi,0,0,0.0,True
15344,English Teacher Abroad We help teachers get safe &amp; ,0,0,0.0,True
6267,Technical Project Manager We are a creative agency for ,0,0,0.02,True
2956,Finance / Office Manager Mann was founded in 1991 by Al,0,0,0.03,True
9120,Commercial Real Estate Paralegal- Atlanta-Buckhead #URL,0,0,0.01,True
3995,"Community Manager As a growing and successful startup, ",0,0,0.0,True
11632,PhD Researcher - PET/MRI  The iMinds-MEDISIP research g,0,0,0.024,True
11808,Information Security Analyst  OverviewWe’re on a missio,0,0,0.028,True
8000,Digital Marketing / SEM Specialist We're a not so tradi,0,0,0.004,True
5055,Senior ColdFusion Developer EUROPEAN DYNAMICS (#URL_c66,0,0,0.0,True
14504,Account and Biz Development Manager Fnatic was founded ,0,0,0.006,True
7217,Production Operations Manager PowerbyProxi and its cust,0,0,0.0,True
9992,Inbound Sales Representatives For over 20 years NAC Mar,0,0,0.002,True
6277,Credit Confirmations Clerk-Bilingual Tidewater Finance ,0,0,0.024,True
8991,"Team Lead/Supervisor Novitex Enterprise Solutions, form",0,0,0.002,True
13668,Customer Experience Champion (Full-Time) Brosa is a tra,0,0,0.002,True
6684,Product Manager  Curalate is looking for a passionate a,0,0,0.018,True
13435,Customer Support Specialist with Russian Skyconsult is ,0,0,0.012,True
11201,2015 Undergrad- Account Management Associate Green Stre,0,0,0.0,True
5146,Java / J2ee Developers Q2Hire has been delivering concr,0,0,0.002,True
2754,Advanced Developer - OBI amvinc is one of the leading s,0,0,0.11,True
12663,Senior Industrial Designer Tribe Wearables is a venture,0,0,0.012,True
9747,"Home Health RN/LPN - Silver City, NM Critical Nurse Sta",0,0,0.0,True
16125,Quality Assurance (QA) Engineer Unify — formerly known ,0,0,0.002,True
2497,"Front End Software Engineer  Certoid is an identity, im",0,0,0.004,True
6291,Inside Sales Representative (Anaheim) Our HistoryFounde,0,0,0.0,True
14408,Graduate Opportunity: Java Developer EROAD was establis,0,0,0.01,True
7973,Software Engineer hello worldtalents23_ drives the chan,0,0,0.0,True
7268,"Mobile Developer OgilvyOne worldwide, Athens was establ",0,0,0.0,True
15342,PPC Specialist Position LADezign is a SEO/SEM firm loca,0,0,0.01,True
5496,Quality Manager We Provide Full Time Permanent Position,0,0,0.0,True
1461,Shipper (Hayward) Our HistoryFounded in 1929 by Earl Be,0,0,0.0,True
17339,Regional Sales Manager Quiénes SomosSomos una firma mex,0,0,0.0,True
16238,Licensed Practical Nurse (Greensboro Center) Crossroads,0,0,0.0,True
544,"Field Technician/Technician Assistant Finally, Picture ",0,0,0.0,True
1655,HSE Manager Aker Solutions is a global provider of prod,1,1,0.874,True
7955,"Digital Account Manager With offices across UK, mainlan",0,0,0.02,True
14632,Go Developer (Architecture) Namely is the leading end-t,0,0,0.002,True
14766,PT / FT Drivers  Join Breeze (#URL_c5149a9c2c58a67c6309,0,0,0.018,True
15074,PHP Laravel Web Developer Hiring Today!  PHP Laravel We,0,0,0.008,True
13791,Software Support Analyst  There are three shifts availa,0,0,0.066,True
2763,"QA Tester We're artists, thinkers, and doers in an open",0,0,0.002,True
16116,.NET Developer We Provide Full Time Permanent Positions,0,0,0.0,True
2977,Administrative Assistant/Customer Service  We have Entr,1,0,0.454,False
211,Engagement Executive Upstream’s mission is to revolutio,0,0,0.0,True
7452,Working Student/Intern Engineering Management Assistant,0,0,0.004,True
3846,Customer Service Associate Novitex Enterprise Solutions,0,0,0.0,True
8016,Customer Service Associate Novitex Enterprise Solutions,0,0,0.0,True
5854,Business Planning Executive Upstream’s mission is to re,0,0,0.0,True
10431,Entry Level Investment Advisor / Financial Planner Snid,0,0,0.016,True
8975,J.P. Morgan - Asset Management Pricing Associate Pricin,0,0,0.014,True
12659,Linux Engineer  The primary roles of this position are ,0,0,0.028,True
6543,Community & Marketing Manager -- New York Startup Insti,0,0,0.002,True
5673,Customer Service Rep QB Medical Inc. is a medical suppl,0,0,0.004,True
10487,Business Developer Growth Intelligence is a pioneer of ,0,0,0.004,True
15758,Python-django Web Developer RxData provides pharmaceuti,0,0,0.04,True
8591,Med Surg RN  Find more jobs at #URL_1efb08d6a6da1c56afb,1,1,0.906,True
11285,In-House Sales Recruiter - NY We’re always looking for ,0,0,0.0,True
10815,Grange Moore Customer Service Apprenticeship 16-18 Year,0,0,0.004,True
16935,"Appointment Coordinator LEI Home Enhancements, is an Oh",0,0,0.0,True
16524,Full-Time Caregiver for a Hip Young Man United Cerebral,0,0,0.0,True
13379,Wordpress/Shopify HTML & CSS Handyman (or Woman) 10 yea,0,0,0.002,True
14963,"Home Health RN--Point Blank Critical Nurse Staffing, In",0,0,0.002,True
10090,Mobile Developer (Xamarin/iOS/Android) We founded this ,0,0,0.002,True
3379,Community Success Strategist Maker’s Row is an online m,0,0,0.0,True
7282,Graduates: English Teacher Abroad (Conversational) We h,0,0,0.0,True
16465,Sales Manager SLI Systems is a SaaS company revolutioni,0,0,0.002,True
147,CNC Programmer We Provide Full Time Permanent Positions,0,0,0.002,True
12990,Sales manager  4 yrs experience in salesexperience in e,0,0,0.096,True
13690,Office Manager Workable is a venture-backed startup mak,0,0,0.008,True
12086,Marketing Representative QB Medical Inc. is a medical s,0,0,0.002,True
7614,Customer Happiness Technician (cell phone & tablet repa,0,0,0.034,True
11734,Application Developer We Provide Full Time Permanent Po,0,0,0.0,True
11150,Administrative Assistant ConsumerTrack is a technology-,0,0,0.01,True
9184,Furniture Technicians Schroeder Solutions is a full-ser,0,0,0.004,True
15317,Manufacturing Engineer We Provide Full Time Permanent P,0,0,0.0,True
13038,Motion Trajectory Analysis MERL's internship program gi,0,0,0.0,True
844,Marketing Assistant We're hiring!AvenueStory is a conce,0,0,0.004,True
578,Kenya Business Director  Kenya Business DirectorThe Ken,0,0,0.024,True
4118,"Sales Rep EZA protypos hellenic brewery S.A., also know",0,0,0.014,True
7767,Senior Administrative Assistant For more than two decad,0,0,0.004,True
3757,Technical Support Engineer (m/f) hello worldtalents23_ ,0,0,0.006,True
12336,Crawley Fragrance/Beauty Promotional Staff Needed Estab,0,0,0.0,True
5091,Success Engineer Intercom (#URL_cb674f93cbcd215a3a0a57a,0,0,0.0,True
867,"Co-founder - well funded startup Based in Hoxton, Londo",0,0,0.0,True
8931,Product Owner About the CompanyWe are ticketscript - th,0,0,0.002,True
13554,Technology Operations Manager Ready to let your star sh,0,0,0.0,True
10321,"[Seattle, WA] Fundraising Consultant All American class",0,0,0.0,True
13204,Digital Solutions Consultant Squiz is one of the world',0,0,0.01,True
6265,"Freelance Writer Talent Inc., is redefining how job see",0,0,0.01,True
1427,Software Developer for Canada's Fastest-Growing Educati,0,0,0.032,True
1639,Graduates: English Teacher Abroad (Conversational) We h,0,0,0.0,True
8598,Web Acceleration Engineer ReadyCache is a premier fast ,0,0,0.008,True
3144,Engagement Director (Zambia) Upstream’s mission is to r,0,0,0.0,True
15591,Senior Developer Who are Duco?We are a modern software ,0,0,0.004,True
14812,UX Lead  How about moving to the sunny country side of ,0,0,0.014,True
11444,MOBILE / IOS DEVELOPER LOOP is an award winning interac,0,0,0.0,True
16416,Director of Digital Analytics and Strategy (Contract) F,0,0,0.006,True
1676,No Mad Men... Mostly Happy People - Management Training,0,0,0.002,True
9101,Director of Business Development Digital Brand Architec,0,0,0.004,True
12882,New Product Development Project Leader We Provide Full ,0,0,0.0,True
7775,Maintenance Technician We Provide Full Time Permanent P,0,0,0.0,True
11454,"Senior Designer Neverbland is a team of designers, deve",0,0,0.002,True
4750,"Wireless Sales Consultant  Hey, you! Do you have an ene",0,0,0.064,True
9850,Product Manager Mobile Massive Media is the social medi,0,0,0.024,True
16849,Title Closer Network Closing Services has been serving ,0,0,0.0,True
11342,Linux System Manager - SaaS The MarketMaker4 leadership,0,0,0.018,True
11638,"Magento Developer With offices across UK, mainland Euro",0,0,0.0,True
3916,"Weekend Caregiver for Fun-Loving, Social Woman United C",0,0,0.002,True
14296,CNA/Caregivers needed  Attendant Care agency now hiring,0,0,0.036,True
15407,Systems Engineer - NY GPL Technologies is a solutions p,0,0,0.0,True
14284,Internship Printfresh is a leading fashion textile desi,0,0,0.074,True
1750,"International Broadcaster, Bangla Language Applied Meme",0,0,0.0,True
5328,Substance Abuse Counselor (Sugarloaf Center) Crossroads,0,0,0.002,True
6808,Build Infrastructure Developer  Are you interested in d,0,0,0.06,True
7293,GENERAL MANAGER - TEAM LEAD If working in a cubical see,0,0,0.0,True
5807,Sales Representative Electrical/Data CallCentre People ,0,0,0.03,True
13400,Inside Sales Director Workable is a venture-backed star,0,0,0.004,True
8557,Web Product Manager - Deringhall.com AREA 17 is an inte,0,0,0.0,True
8738,"Administrative Assistant At Hayes-Corp, we create the f",0,0,0.26,True
21,Front End Developer Frustrated with the status quo?Like,0,0,0.002,True
13275,Beauty & Fragrance consultants needed Established on th,0,0,0.0,True
7888,Part-time Warehouse Help LetterStream is an innovative ,0,0,0.01,True
1566,Junior .NET Developer (C#) ding* is the world’s largest,0,0,0.002,True
12166,.NET DEVELOPER Zylun’s mission is to help small and med,0,0,0.002,True
16318,Junior Finance Officer Space Ape Games is an Award Winn,0,0,0.028,True
4508,App Support Specialist Bluebridge was created by a team,0,0,0.01,True
5286,"Country Manager, Colombia Taxibeat is changing the glob",0,0,0.0,True
5158,Customer Service Associate Novitex Enterprise Solutions,0,0,0.0,True
14811,Backend Developer (PHP) Union is a digital marketing ag,0,0,0.0,True
7226,Senior Division Order Analyst Valor Services provides W,0,0,0.058,True
9993,Executive Assistant (Full-Time) for Tech Company in Mid,0,0,0.008,True
12927,Graduate Creative Developer The Technical Team and offe,0,0,0.0,True
10223,Software Engineer We Provide Full Time Permanent Positi,0,0,0.002,True
9164,Experienced QA Engineer PowToon (#URL_84da40102d63eebf4,0,0,0.0,True
3413,Electrical Maintenance Technician We Provide Full Time ,0,0,0.0,True
3724,Ruby developer Seamless software production. Enterprise,0,0,0.008,True
14436,High School English Language Arts Teacher The Albany Ch,0,0,0.0,True
14792,Web designer / User Experience expert Geotag Aeroview i,0,0,0.006,True
14509,Armed Security Officer (Immediate Openings) At SMGI we ,0,0,0.006,True
14414,Part Time Cleaner- Chelsea/Dexter Populist Cleaning Co.,0,0,0.006,True
8036,Marketing and Sales Representative- Full Time Position ,0,0,0.0,True
7341,Account Director dimoso was founded in 2011 with a focu,0,0,0.012,True
10688,Software Engineer Baremetrics (#URL_818d0992c7cb169e165,0,0,0.006,True
10992,Birmingham Recruitment Apprenticeship Under NAS 16-18 Y,0,0,0.004,True
16231,Manufacturing Engineering - Lean Manufacture We Provide,0,0,0.0,True
2129,Case Manager Volunteers of America is a faith-based hum,0,0,0.106,True
10289,Userbase Manager Massive Media is the social media comp,0,0,0.014,True
6057,Payroll Data Entry Clerk Position - Earn $100-$200 Dail,1,1,0.98,True
8779,Payroll/HR Administrator HealthLink provides a computer,0,0,0.006,True
14087,"Senior Developer Established in 2009, InRuntime is a de",0,0,0.002,True
15671,Business Analyst Ryanair is Europe’s favourite low fare,0,0,0.002,True
17036,Senior Technical Manager  Position: Senior Technical Ma,0,0,0.032,True
3506,Systems engineer (ops) Intercom (#URL_cb674f93cbcd215a3,0,0,0.0,True
11205,Project Manager Anittel is an ASX listed company provid,0,0,0.03,True
7582,OF | LEAD DESIGNER @JY+SH Kettle is an independent digi,0,0,0.002,True
9585,Front End Web Developer Parrot Analytics is a technolog,0,0,0.014,True
4658,Business Litigation Attorney Job in Orange County  A bo,0,0,0.032,True
2229,"Digital & Offline Copywriter At FutureLearn, we want to",0,0,0.014,True
11430,NGL Commercial Analyst T.A. Maverick specializes in the,0,0,0.062,True
16917,Customer Relations - Full Time - No Call Center ($20 an,0,0,0.008,True
9527,Inside Sales Representative (Phoenix) Our HistoryFounde,0,0,0.0,True
11741,Dance Competition and Event Production Company Hiring W,0,0,0.002,True
17554,Entry Level Medical Transcriptionist  We need a Medical,1,0,0.146,False
11655,iOS Developer Tile is one of the most successful crowd-,0,0,0.028,True
11926,Territory Sales Representatives (Residential FiOS)  Pri,0,0,0.052,True
11491,Content Marketing Manager German Babbel enables anyone ,0,0,0.004,True
14787,Sales Associate Founded by serial entrepreneur Clive Ja,0,0,0.018,True
978,AdWords - Analytics Specialist Social Active is a 360 d,0,0,0.0,True
15743,"Project Manager As augmented reality jobs go, one at Bl",0,0,0.0,True
17644,Fidelity  The key to this position is that Steve wants ,1,0,0.098,False
14517,Full Time Software Engineer / Programmer Social Asylum ,0,0,0.0,True
1947,Desktop Support / Level 2-3 Technicians Valor Services ,0,0,0.0,True
7287,WF7 5BE Admin Assistant Apprenticeship Under NAS 16-18 ,0,0,0.004,True
16902,"Customer Care Representative I LEI Home Enhancements, i",0,0,0.0,True
1899,FIELD SALES (All warm leads) Established on the princip,0,0,0.024,True
9928,"Careers At Apcera From the lands of Can Do, Roll Our Sl",0,0,0.01,True
14957,Sales Manager incrediblue is busting the myth that boat,0,0,0.0,True
11317,"[Fort Worth, TX] Fundraising Consultant All American cl",0,0,0.0,True
13835,International PR Manager hello worldtalents23_ drives t,0,0,0.02,True
4584,Office Manager  Proenza Schouler is looking for an expe,0,0,0.056,True
10329,Customer Service Associate Novitex Enterprise Solutions,0,0,0.006,True
1771,Front-end web developer (CSS/HTML) Inviting inspiration,0,0,0.002,True
7067,Engineering Support Safety Middle East Recruitment is a,0,0,0.006,True
13108,Accounting Specialist At the core of IT’s challenges is,0,0,0.05,True
13958,UI / UX Designer Retailers around the world are constan,0,0,0.008,True
3634,Customer Success Manager SLI Systems is a SaaS company ,0,0,0.002,True
5090,English Teacher Abroad We help teachers get safe &amp; ,0,0,0.0,True
6762,FRONT END DEVELOPER NYC LOOP is an award winning intera,0,0,0.0,True
9959,Senior Java Developer 47Billion is a Product engineerin,0,0,0.0,True
8636,Controller - High Growth Specialty Finance Company Fund,0,0,0.014,True
5883,Home Automation and Alarm Sales Office Launch - AT&T Di,0,0,0.016,True
6758,Rails Backend Engineer  At Codeship we have thousands o,0,0,0.012,True
11652,Backend developer #URL_c59e83e0460115b6817e5222a26b0e0f,0,0,0.006,True
9275,Graphic Designer SpotSource Solutions LLC is a Global H,0,0,0.018,True
8520,Desktop Support Lead Our HistoryFounded in 1929 by Earl,0,0,0.0,True
14559,SAP Data Conversion Architect / Lead  We are looking fo,0,0,0.09,True
8724,English Teacher Abroad We help teachers get safe &amp; ,0,0,0.0,True
17552,Nurse Shift/Program Supervisor  Apply using below link#,1,1,0.884,True
7667,Smart-Meter Expert hello worldtalents23_ drives the cha,0,0,0.0,True
6656,Backend Engineer We're a data and design focused startu,0,0,0.0,True
10224,Customer Service Associate Novitex Enterprise Solutions,0,0,0.0,True
8773,"Account Executive - Sacramento, CA Our passion for impr",0,0,0.0,True
13680,Freelance Digital Designer Project J is an early stage ,0,0,0.026,True
945,Sr. Software Engineer Orange County Tech Recruiters is ,0,0,0.038,True
6572,"Business plan  Καλησπέρα σας, Το #URL_0ab1706f08af663c4",0,0,0.01,True
12331,"Senior AR Associate Established in 1999, Prometheus Gro",0,0,0.01,True
5436,Healthcare Support Rep. QB Medical Inc. is a medical su,0,0,0.0,True
14879,"Press Helper Baesman is a nationally-recognized, single",0,0,0.004,True
9539,Financial Manager / CFO  Based in the heart of the City,0,0,0.006,True
8229,Ecommerce Assistant With an exceptional record of over ,0,0,0.0,True
626,Functional Analyst E-Hospitality is an IT / Hospitality,0,0,0.002,True
14733,Sr. Manhattan Consultant  Duration: 6 months+Rate: Open,0,0,0.022,True
15598,Java Integration Engineer We have created the world’s l,0,0,0.0,True
12653,Manufacturing Representative - HSES Manufacturing exp -,0,0,0.032,True
15050,Account Planner We’re always looking for highly motivat,0,0,0.0,True
3949,Social Media Strategist Applied Memetics LLC is a profe,0,0,0.0,True
10508,Technical Sales Specialist Founded in 2010 by a team fr,0,0,0.0,True
9230,Product Manager The Boston Consulting Group (#URL_45423,0,0,0.002,True
13899,"Shyp Hero Driver - NYC  Have a van, suv or large car? L",0,0,0.012,True
10139,Customer Service Associate - Part Time Novitex Enterpri,0,0,0.018,True
1087,Social Media & Digital Marketing Internship We’re a gro,0,0,0.0,True
2569,Business Improvement Manager  My client is the UK’s lea,0,0,0.068,True
1335,Management Accountant Magpie is a boutique recruitment ,0,0,0.028,True
6903,Digital Account Manager Working in over 60 countries an,0,0,0.002,True
72,Customer Service Associate - Part Time Novitex Enterpri,0,0,0.0,True
7535,Digital Marketing Coordinator Technology Will Save Us d,0,0,0.0,True
13876,Full Stack Engineer - Platform Team Lost My Name combin,0,0,0.004,True
9131,Account Manager Fiction is a strategy and design firm b,0,0,0.002,True
2795,Production Manager  Production Manager to lead experien,0,0,0.214,True
2070,Confidently Humble Javascript Front-end Developer  Conf,0,0,0.038,True
1194,Web Developer max20 only recruits for the NHS and has s,0,0,0.01,True
2868,"Program Host, Burmese Service Applied Memetics LLC is a",0,0,0.002,True
8495,"Technical Recruiter Mashape is the largest, most traffi",0,0,0.006,True
1442,Content Acquisition Editor  Skillshare is looking to ad,0,0,0.028,True
5789,Inbound Customer Service Representative CallCentre Peop,0,0,0.052,True
12773,Talent Management Process Manager - All Major states We,0,0,0.028,True
11899,"Processing Geophysicist Seismic Exchange, Inc. (SEI) is",0,0,0.072,True
9363,Safety Specialist  This position will act as a represen,0,0,0.032,True
14574,Product Copywriter The RealReal is changing the way peo,0,0,0.0,True
9326,Big Data - Hadoop Designer  Position: BIG DATA - Hadoop,0,0,0.104,True
3688,Data Inputter Established on the principles that full t,0,0,0.024,True
10242,BTL Specialist  The Below The Line Specialist will be t,0,0,0.064,True
10361,PLATFORM SOFTWARE ENGINEER Pollen gives app developers ,0,0,0.002,True
5506,Home Based Payroll Data Entry Clerk Position - Earn $10,1,1,1.0,True
9077,Chief Operating Officer Vend is looking for some awesom,0,0,0.0,True
16023,"Home Health CNA - Scenic, AZ Critical Nurse Staffing, I",0,0,0.002,True
9135,Sales Coordinator BCV is the premier full-service socia,0,0,0.006,True
1039,Development Manager Working in over 60 countries and 30,0,0,0.006,True
13569,Line Cooks & Waitstaff  Callahan’s West is a full servi,0,0,0.066,True
7326,"Non-Urgent Patient Transfer Attendant - Newmarket, Pete",0,0,0.0,True
17234,Car Sales Executive Aspex RecruitmentWe are a Fixed Fee,0,0,0.07,True
6216,Head of Marketing CommonBond is building a new kind of ,0,0,0.0,True
7391,Functional Business Analyst EUROPEAN DYNAMICS (#URL_c66,0,0,0.002,True
10364,"Research Associate Suneris, Inc is a medical device com",0,0,0.018,True
17844,Sr. Scm Web Development Technical Lead  Title: Sr. SCM ,0,0,0.02,True
2191,Customer Service Representative  SUMMARYResponsible for,1,0,0.386,False
13163,Ruby on Rails Engineer Sellbrite (#URL_5e1cc5ff080aad15,0,0,0.002,True
4820,Senior IT Security Lead (SIEM / IDS) Roland &amp; Assoc,0,0,0.002,True
15238,Graphite Expert (Remote Position)  Position: Graphite E,1,0,0.164,False
11467,Process Improvement Project Engineering Manager We Prov,0,0,0.0,True
14543,Sr. Mobile SDK Developer (Android) 47Billion is a Produ,0,0,0.0,True
3445,Sales (Telemarketer) - Great Company Culture! Valor Ser,0,0,0.022,True
8142,"SEO Manager Launched in 2010, Lyst is an innovative way",0,0,0.002,True
6001,Overnight caregiver needed  Currently hiring for two ov,0,0,0.062,True
14562,Registered Nurse (Home Health) Mission StatementGood Li,0,0,0.014,True
14473,Photonic Integrated Circuits MERL's internship program ,0,0,0.036,True
16793,Java Developer  Take Charge of Your Career and Apply No,0,0,0.024,True
8631,Manufacturing Operations Supervisor We Provide Full Tim,0,0,0.0,True
12740,Product Manager Depop is an exciting new mobile marketp,0,0,0.0,True
11817,Junior Web Designer Ryanair is Europe’s favourite low f,0,0,0.0,True
841,VP of Social Media Marketing HireHopes is the premier p,0,0,0.016,True
9971,Director of Engineering HMA Security Products NETGEAR a,1,1,0.932,True
7407,Personal Assistant to the CEO Massive Media is the soci,0,0,0.014,True
1727,General Manager - Boston Shyp is the easiest way to sen,0,0,0.0,True
14745,"Maintenance Planner - EAM MS office Testing - Chicago, ",0,0,0.036,True
5428,Entry Level Legal Jobs in Orange County  Great opportun,0,0,0.198,True
5582,Dotnet Developer Required for Qatar  Greetings from VAM,1,1,0.85,True
2441,Team Leader Social Care Alba is the highest graded Care,0,0,0.02,True
10499,Regional Sales Manager We Provide Full Time Permanent P,0,0,0.0,True
12204,Customer Service Manager DICE gets fans the best ticket,0,0,0.0,True
3062,Financial Representative Northwestern Mutual has been a,0,0,0.014,True
4410,Attorney Search Director  Outstanding position availabl,0,0,0.066,True
2453,Software Engineer Intern Fusemachines combines the powe,0,0,0.0,True
6235,Customer Service Associate Novitex Enterprise Solutions,0,0,0.0,True
14621,Process Improvement Project Engineering Manager We Prov,0,0,0.006,True
15562,Compliance LeaC - HACCP Food Manufacturing Exp - IL We ,0,0,0.016,True
1552,Account Manager - GrabOne Store #URL_68e8635f4ede8f8118,0,0,0.008,True
8223,eCommerce Specialist / Database Management for Home Dec,0,0,0.06,True
3121,"Branch Manager  Westview Financial Services, located in",0,0,0.0,True
848,SOFTWARE ENGINEER JAVA  We are looking for talented and,0,0,0.016,True
13637,Hiring Servers!  Uncle Maddio’s is a fast-casual pizza ,0,0,0.006,True
14180,New Product Development Project Leader We Provide Full ,0,0,0.0,True
12602,Web method Developer Maxnet offers Staff Augmentation S,0,0,0.054,True
11853,Outside Sale Rep  We are looking for creative and self-,0,0,0.088,True
13384,TIBCO developer At the forefront of the staffing indust,0,0,0.042,True
3167,Account Planner We’re always looking for highly motivat,0,0,0.0,True
16498,Junior Airframe Structures Design Engineer Vayu builds ,0,0,0.002,True
17643,Daily Money Team Representative Daily Money Team is the,1,1,0.7,True
6955,Java Frontend Software Developer Neurocom is a software,0,0,0.022,True
4380,2nd Shift Machine Operator  Operate machinery used in t,0,0,0.032,True
6208,Web Designer We’re always looking for highly motivated ,0,0,0.0,True
5449,Something else (Other) Point Nine Capital is a Berlin-b,0,0,0.006,True
6790,"Product/ UX Designer Hi, we are dopios“We are here to m",0,0,0.002,True
14442,"Project Manager Based in Tokyo, we are an international",0,0,0.0,True
3386,Distributed Systems Engineer Adbrain is at the forefron,0,0,0.016,True
5294,CRM Manager  On behalf of our client we are looking for,0,0,0.026,True
3560,English Teacher Abroad We help teachers get safe &amp; ,0,0,0.0,True
5672,Software Design Engineer  Software Design EngineerQuali,1,0,0.074,False
10670,Leeds Apprentice Web Developer Under NAS 16-18 Year Old,0,0,0.0,True
5924,Developer Evangelist We build technology teams and comm,0,0,0.01,True
14946,Interested to join our team? incrediblue is busting the,0,0,0.01,True
3003,Front-end Developer  You have already gathered experien,0,0,0.03,True
7881,Entry Level Sales  General Summary: Achieves maximum sa,0,0,0.0,True
15731,DevOps Engineer Babbel enables anyone to learn language,0,0,0.0,True
14842,Program Director (Danville Center) Crossroads Treatment,0,0,0.002,True
4261,Software/Web Developer Likno Software is a software dev,0,0,0.012,True
2775,Certified Surgical Technologist (CST) SpotSource Soluti,0,0,0.0,True
2508,Business Operations Manager Daily Secret is one of the ,0,0,0.0,True
3941,Customer Service Representative Gary Cartwright establi,1,1,1.0,True
15914,CRM Specialist  CRM Specialist is responsible for helpi,0,0,0.03,True
7652,"Account Executive - Redlands, CA StartupTAP is not a co",0,0,0.0,True
11227,Belfast Fragrance and Beauty Promotional Staff Establis,0,0,0.0,True
1208,"Account Manager - Europe Launched in 2010, Lyst is an i",0,0,0.002,True
3852,Head of Partnerships Want to make a difference?Do you k,0,0,0.078,True
17539,Cruise Staff Wanted *URGENT*  6* Ultra Luxury American ,1,1,1.0,True
9010,Graduates: English Teacher Abroad (Conversational) We h,0,0,0.0,True
9794,Mobile UX Designer We need awesome people!#URL_02407801,0,0,0.0,True
16412,Customer Service Consultant The Selectus Group is a cus,0,0,0.006,True
5838,UST Testing Technician III Jaco Oil and Refined Resourc,1,1,0.938,True
17546,Sales/marketing/advertising  sales professionals market,1,0,0.41,False
15872,Sales Manager We Provide Full Time Permanent Positions ,0,0,0.0,True
4565,"Customer Service Rep  Experienced, reliable team member",1,1,0.944,True
9168,Marketing superstar Seamless software production. Enter,0,0,0.014,True
12859,Manager-Plastics Mfg Engineering - Full Time Permanent ,0,0,0.03,True
16274,Maintenance Manager - Experience in Engineering - WV We,0,0,0.016,True
1988,Mystery Shopper - Arkansas SDI Marketing started in 198,0,0,0.03,True
13117,.NET Developer Who are We?Aya Healthcare is a top healt,0,0,0.0,True
5988,Full-Time Job Coach United Cerebral Palsy of Oregon &am,0,0,0.018,True
9337,"CDL Driver-West Chicago ABC Supply Co., Inc. is the nat",0,0,0.0,True
10978,General Clerk 1 - Call Center Agent Novitex Enterprise ,0,0,0.0,True
15347,English Teacher Abroad We help teachers get safe &amp; ,0,0,0.0,True
3123,Customer Service Associate- Part Time Novitex Enterpris,0,0,0.008,True
5841,Business Analyst  The Business Analyst (BA) will be res,0,0,0.034,True
5052,Technical Team Leader  Crafty Devil are looking for a T,0,0,0.066,True
11216,Infrastructure Architect Our passion for improving qual,0,0,0.034,True
3780,Solution Architect  We are a small company with a stell,0,0,0.064,True
14920,"Web Developer (JavaScript) Mashape is the largest, most",0,0,0.0,True
8670,"CDL Driver-West Chicago ABC Supply Co., Inc. is the nat",0,0,0.0,True
9775,Manager Trainee Executive search and recruitment agency,0,0,0.0,True
5048,Growth Hacker / Analyst Transifex is a SaaS continuous ,0,0,0.002,True
12334,Sr Software Engineer  Cobb Systems Group is seeking a t,0,0,0.064,True
17331,Promotional Staff  You will be working as part of a sma,0,0,0.076,True
6376,USA SALES POOL Founded in 2010 by a team from Google’s ,0,0,0.002,True
6717,"Operations Lead SocialWellth is a Las Vegas, Nevada bas",0,0,0.002,True
5391,Senior Application Developer  The Company: Greetsnap is,0,0,0.036,True
17030,Escrow Officer / Closer Network Closing Services has be,0,0,0.0,True
1082,SQL & .NET DEVELOPER / DATA ANALYST  ESco Business Serv,0,0,0.01,True
17506,Senior Account Manager (German speaking) The company wa,0,0,0.0,True
13525,Human Resource Generalist Hawkeye Recruitment provides ,0,0,0.056,True
9572,FRONT-END DEVELOPER MediaMonks is the biggest creative ,0,0,0.004,True
1869,Supervisor in the airport cafe Erbil ClarusApex is an i,0,0,0.002,True
8169,".Net Developer Founded in 1852, the American Society of",0,0,0.032,True
10607,ASIC Physical Design Engineer  Job - Physical Design En,0,0,0.038,True
17182,DH8 Bricklaying Apprenticeship Under NAS 16-18 Year Old,0,0,0.004,True
16827,Frontend Web Developer: Up to 35k (depending on experie,0,0,0.0,True
8186,"Senior Security Development Engineer We design, deploy,",0,0,0.0,True
2430,Web Testing Internship Welcome to our Careers section. ,0,0,0.004,True
89,English Teacher Abroad We help teachers get safe &amp; ,0,0,0.0,True
9346,Mail Customer Service Associate 2 - Part Time Novitex E,0,0,0.0,True
1912,Administrative Assistant HireEasy Pro provides speciali,0,0,0.096,True
3548,"Analytical Marketer - SEO, Social, Adwords & More ExaVa",0,0,0.004,True
3629,Copywriter / Creative Production Assistant Want to buil,0,0,0.0,True
9874,Interaction Designer Internship Ginetta Web/Mobile is a,0,0,0.0,True
13770,"QA Tester Created in 2010, RoyalCactus has specialized ",0,0,0.002,True
2544,"Advertising Account Executive Fort Worth, Texas magazin",0,0,0.004,True
845,Service Associate The Accion story began more than 100 ,1,1,0.88,True
7493,Sales Support SpotSource Solutions LLC is a Global Huma,0,0,0.004,True
6757,Sr. Office Manager Flippo is a brand engagement firm. W,0,0,0.05,True
14846,Customer Service Representatives For over 20 years NAC ,0,0,0.0,True
8987,English Teacher Abroad We help teachers get safe &amp; ,0,0,0.0,True
16577,Business Analyst CARES is Alabama’s approach to the mod,0,0,0.004,True
4064,System Administrator for Linux and Windows  Market News,0,0,0.008,True
5505,Home Based Payroll Data Entry Clerk Position - Earn $10,1,1,1.0,True
5476,Collections Representatives Tidewater Finance Co. was e,0,0,0.0,True
6890,Traffic Manager Web/Mobile Our CompanyAdcash® is an int,0,0,0.0,True
13386,Cloud Engineer/DevOps/OpenStack  Description:Our Client,0,0,0.01,True
15616,Occupational Therapy Assistant Welcome to interface reh,0,0,0.006,True
14225,"Junior Publicist EVH is a fashion, lifestyle, design an",0,0,0.004,True
16402,"Global Account Director About Us:For nearly 20 years, T",0,0,0.012,True
11669,Finance Controller Our CompanyAdcash® is an internation,0,0,0.032,True
13436,"Software Engineer - Android Happy Typing, on any smart ",0,0,0.0,True
12707,Driver - Light Duty (San Diego) Our HistoryFounded in 1,0,0,0.0,True
11268,Director of Content Marketing (remote/telecommute) InVi,0,0,0.0,True
17719,CUSTOMER SERVICE REP  DescriptionJob Title: Customer Se,1,1,0.552,True
4814,Self-Employed Field Sales Agent MSQD is a recruitment s,0,0,0.004,True
3286,Quality Analyst/testing Training & Projects.(QA)  We ar,0,0,0.02,True
4759,Hospitalist jobs in USA Roland &amp; Associates is a Co,0,0,0.02,True
8973,US Foods- Sr Pricing Analyst Pricing Recruiters is the ,0,0,0.002,True
14754,Backend Engineer #URL_8417994cbfc9bdd39291d438b83cd3b9c,0,0,0.006,True
12714,Nuneaton DGV Apprenticeship available under NAS 18 year,0,0,0.0,True
9196,Inbound Sales Representative For over 20 years NAC Mark,0,0,0.002,True
5679,Global Payroll Administrator (Fixed Term) VSO brings pe,0,0,0.194,True
9231,"Sales - General Manager (Sydney) 90 Seconds, the worlds",0,0,0.006,True
9613,Customer Service Associate Novitex Enterprise Solutions,0,0,0.0,True
16107,Advertisement Operations Specialists 47Billion is a Pro,0,0,0.0,True
13427,Temporary Beauty Retail Consultants in Central London  ,0,0,0.02,True
14911,Senior Digital Project Manager Tailor is a digital agen,0,0,0.004,True
8431,Product/Sales Consultant CallCentre People Recruitment ,0,0,0.03,True
7356,Customer Success Guru Resource Guru is the leading prov,0,0,0.0,True
11281,Software Engineer in Test Through the Apache Spark plat,0,0,0.006,True
5874,Field Engineer Graphs are everywhere. From websites add,0,0,0.0,True
14820,.NET Developer We Provide Full Time Permanent Positions,0,0,0.0,True
13487,"Web Developer, Web Forensics Friend MTS is a leading pr",0,0,0.002,True
9950,"System Analyst  Hello Candidate, there is a job opportu",0,0,0.044,True
10103,TEMPLATE - Star (Retail Associate) - ENTER LOCATION Rea,0,0,0.002,True
15897,"Inside Sales/Estimator ABC Supply Co., Inc. is the nati",0,0,0.0,True
597,Care Assistant Priority Care Group are a family run car,0,0,0.016,True
14147,Entry Level Sales  General Summary: Achieves maximum sa,0,0,0.0,True
4128,Mystery Shopper - Utah SDI Marketing started in 1988 as,0,0,0.024,True
10409,Internship Marketing Massive Media is the social media ,0,0,0.01,True
17256,Senior Sales Trainer  The purpose of the Sales Training,0,0,0.044,True
17326,SEM Specialist (m/f) - Venture About Rocket InternetRoc,0,0,0.01,True
14349,Videography/Photography Internship Maker’s Row is an on,0,0,0.002,True
9234,Web Developer Engagor is a venture backed startup found,0,0,0.002,True
17052,Customer Support Agents A Creative agency for Web Desig,0,0,0.034,True
7310,Graphics Designer Coffeewards is a cloud loyalty platfo,0,0,0.02,True
11781,Senior Account Manager Squiz is one of the world's lead,0,0,0.004,True
8809,Data Science Intern Namely is the leading end-to-end HR,0,0,0.004,True
4107,Sr MS BI Developer/Architect WillDom is a top notch IT ,0,0,0.032,True
4406,English Teacher Abroad We help teachers get safe &amp; ,0,0,0.0,True
10812,Quality Assurance Lead StayClassy is a fast-growing San,0,0,0.002,True
6971,Customer Service Associate - Part Time Novitex Enterpri,0,0,0.0,True
2893,Designer: Internship Balanced Labs exists to provide ac,0,0,0.004,True
9397,WF7 5BE Pontefract Recruitment Apprenticeship 16-18 Yea,0,0,0.0,True
16313,Lead QA Engineer Babbel enables anyone to learn languag,0,0,0.0,True
8330,Field Sales Representative SpotSource Solutions LLC is ,0,0,0.0,True
612,Packing Expert - NYC Shyp is the easiest way to send an,0,0,0.01,True
4280,Heathrow/Langley Business Admin Apprenticeship Establis,0,0,0.004,True
14521,Business Development Manager Anittel is an ASX listed c,0,0,0.008,True
13984,"Technical Architect (Angular, Enterprise JavaScript and",0,0,0.0,True
12624,Corporate Training Specialist/Facilitator At the core o,0,0,0.008,True
5529,Data Entry/ Administrative Position  We are looking for,1,0,0.482,False
8525,"Branch Manager  Westview Financial Services, located in",0,0,0.0,True
10691,Appliance Repair Technician  Immediate Appliance Servic,0,0,0.004,True
13314,Intern INK is the agency of choice for brands big and s,0,0,0.004,True
13252,Tile Installer / Setter  This position is responsible f,0,0,0.032,True
3640,Senior Data Scientist Offerial is a hospitality technol,0,0,0.0,True
8654,"Production Supervisor Founded in 1993, our group has, i",1,0,0.152,False
11404,Tile Setters/Finishers 1212 Flooring Solutions Inc. is ,0,0,0.002,True
4432,Systems Engineer MAP Digital: MetaMeetings is a digital,0,0,0.024,True
15811,Senior Product Manager Based in San Francisco with a de,0,0,0.002,True
16401,Designer / Front-end Developer Work at dxwdxw works exc,0,0,0.006,True
6605,Events & Sponsorship Manager Vend is looking for some a,0,0,0.032,True
9338,Ruby On Rails Developer we are a digital creative studi,0,0,0.0,True
14892,Beauty & Fragrance consultants needed Established on th,0,0,0.0,True
8547,Flash Developer Gaming (Budapest) Massive Media is the ,0,0,0.002,True
13853,CAD Operator  This is the second level of the CAD Opera,0,0,0.052,True
15042,"Physician - MD, CMO About Jeri Davis InternationalWe ar",0,0,0.006,True
7129,Volunteers needed to help children in Indonesia  The In,0,0,0.018,True
17194,BUSINESS-ANALYST - DWH-Business Intelligence - (8-10 YE,0,0,0.03,True
15793,VP of Strategy Vend is looking for some awesome new tal,0,0,0.004,True
14565,Android Developer - Official London Travel App What Now,0,0,0.01,True
3962,"Community Manager At FutureLearn, we want to inspire le",0,0,0.004,True
9977,Marketing Program Manager Transifex is a SaaS continuou,0,0,0.002,True
12871,"City Marketing Manager Meet cove, a network of neighbor",0,0,0.0,True
6784,Receptionist  Quest College is seeking an individual to,0,0,0.326,True
4415,Senior iOS Developer Shyp is the easiest way to send an,0,0,0.0,True
16043,Head of Human Resources Babbel enables anyone to learn ,0,0,0.008,True
11876,Norwegian Inside Sales Representative  JOB DESCRIPTION ,0,0,0.032,True
8736,Technical Support Engineer Upstream’s mission is to rev,0,0,0.0,True
4971,"CDL Driver-Green Bay ABC Supply Co., Inc. is the nation",0,0,0.0,True
4980,Mid-Senior Digital Copywriter Mindworks interactive is ,0,0,0.0,True
3415,Brand Ambassador At TeeSmile we make it easy to raise m,0,0,0.018,True
2506,Account Manager Upstream’s mission is to revolutionise ,0,0,0.0,True
14874,Marketing Associate We’re always looking for highly mot,0,0,0.0,True
17189,"Support Analyst As a growing and successful startup, Co",0,0,0.008,True
10983,S8 7RB Customer Service Apprenticeship available under ,0,0,0.018,True
2313,QA Engineer  We are looking for a Quality Assurance Eng,0,0,0.076,True
5215,HA7 1EP Trainee Dental Recruitment Consultant Under NAS,0,0,0.006,True
15405,Marketing Manager Germany Babbel enables anyone to lear,0,0,0.0,True
8586,"Plant Manager - SixSigma PSM - Pittsburgh, PA We Provid",0,0,0.018,True
287,Product Designer Everyone has a story to tell. Everyone,0,0,0.0,True
5815,Operations Specialists Want to build a 21st century fin,0,0,0.0,True
9564,SEO Consultant Forward3D is the largest independent dig,0,0,0.008,True
9110,Outbound Sales Agent EROAD was established to modernise,0,0,0.004,True
117,"Materials Manager Kappa Search, Inc. is one of the lead",0,0,0.016,True
2257,HVAC Technician  The Gaylord Texan Located in Grapevine,0,0,0.06,True
9746,Lawn and Maintenance Contractors  We are looking for a ,1,1,1.0,True
14467,Global Product Marketing Director Founded in 2010 by a ,0,0,0.0,True
17479,"Menswear Stylist We're Thread, and we're trying to rein",0,0,0.0,True
11611,Java Developer WHO WE ARE? MILLER &amp; ASSOCIATES IS A,0,0,0.0,True
12039,"Cold Call Applicants We design, build, sell, and servic",0,0,0.034,True
7136,Appointment Setter Ideal CRM is a sales consulting firm,0,0,0.004,True
11049,English Teacher Abroad We help teachers get safe &amp; ,0,0,0.0,True
3796,Graduates: English Teacher Abroad We help teachers get ,0,0,0.0,True
9450,"Caregiver/HHA/CNA-Niles/Buchanan ""Our mission to our cl",0,0,0.0,True
14351,Accounts Receivable Clerk TalentSphere is an independen,0,0,0.036,True
1468,Customer Service Associate Novitex Enterprise Solutions,0,0,0.0,True
7324,Leicester Fragrance and Beauty Promotional Staff Establ,0,0,0.0,True
4761,COMPANY REPRESENTATIVE NEEDED  Our motherless world for,1,0,0.098,False
15260,Social SEO Coordinator DAYTA Marketing is a social medi,0,0,0.018,True
11167,Lead Customer Service Associate Novitex Enterprise Solu,0,0,0.0,True
10783,Junior Sales Executive Zoottle is a startup founded by ,0,0,0.012,True
13940,Collections Supervisor Tidewater Finance Co. was establ,0,0,0.0,True
10859,Market Analyst AREX is a highly ambitious financial tec,0,0,0.028,True
6594,Delivery Drivers - Food  Delivery DriversClean Food Co ,0,0,0.026,True
12783,Part-time In-Store Assistants (Papa John's Pizza) Take ,0,0,0.0,True
17672,Data Entry Clerk As the industry’s largest supply contr,1,1,0.85,True
3592,Senior Android Engineer Welcome to our Careers section.,0,0,0.0,True
9250,Graduates: English Teacher Abroad We help teachers get ,0,0,0.0,True
15763,Training Manager Thanks for visiting our Job Board. Ple,0,0,0.004,True
9438,Mid Weight Digital Designer At Karmarama we have a uniq,0,0,0.0,True
14695,Sales & Marketing Operations Bluebridge was created by ,0,0,0.0,True
2620,MOBILE FRONT END PROGRAMMERS - VLinks Media Founded By ,0,0,0.002,True
6364,Event Specialists We are a digital marketing agency wit,0,0,0.0,True
5362,Licensed Life Insurance Agent  We need someone who is s,1,1,0.716,True
1138,Administrative Assistant  As an Administrative Assistan,1,0,0.394,False
13579,Software Engineering Team Leader grandPad is the safest,0,0,0.004,True
9015,Controller PROSULTING IS PEOPLE The ProSulting differen,0,0,0.0,True
15898,Pharmacy Technician - Billing Valor Services provides W,0,0,0.062,True
12437,Insurance Administrator Tidewater Finance Co. was estab,0,0,0.006,True
15917,Head of Customer Experience MeUndies is a lifestyle bra,0,0,0.0,True
78,200K + MANAGEMENT POSITION FOR EXPERIENCED MERCHANT CAS,0,0,0.0,True
3507,Senior Engineer  Apply using below link#URL_1eead1e24bb,1,0,0.248,False
1688,Senior PHP Web Developer H WEDIA είναι μια ταχύτατα ανα,0,0,0.0,True
16746,Web Developer WE ARE GLOBAL BEACHIndustry’s most establ,0,0,0.01,True
5322,Carpentery Assistant Growing event production company p,0,0,0.012,True
9652,English Teacher Abroad We help teachers get safe &amp; ,0,0,0.0,True
3587,Social Media/Website Manager Itsa Southern Thing Appare,0,0,0.012,True
16105,"Senior Software Engineer MG Code offers integrated, lar",0,0,0.002,True
3457,Senior Php Software Developer Aarna IT Solutions Pvt Lt,0,0,0.0,True
16798,Customer Relations - Full Time - No Call Center LEI Hom,0,0,0.004,True
3606,Application Developer  The Application Developer suppor,0,0,0.034,True
5011,Scheduling Assistant Super Soccer Stars is the country',0,0,0.03,True
12342,Operations Officer We Build Great CompanieseFounders is,0,0,0.006,True
14210,Beauty & Fragrance consultants needed Established on th,0,0,0.0,True
6213,Leeds Fragrance and Beauty Promotional Staff Establishe,0,0,0.0,True
6447,"Home Health CNA - Rio Rancho, NM Critical Nurse Staffin",0,0,0.0,True
11844,"Software Developer Based in the South of England, Senti",0,0,0.01,True
12815,Project QA Engineer Aker Solutions is a global provider,1,1,0.876,True
12831,Red Antler: Account Directors We are not your average M,0,0,0.06,True
8727,English Teacher Abroad We help teachers get safe &amp; ,0,0,0.0,True
13268,Inbound Marketer/Growth Hacker (Part-time) Pardon Servi,0,0,0.0,True
17386,Software Engineer - Frontend Zaius is a digital intuiti,0,0,0.002,True
15975,Web App Developer Social Asylum is a new startup locate,0,0,0.002,True
6155,"Executive Assistant At Hayes-Corp, we create the fun st",0,0,0.008,True
12206,Community Manager (Clubs) DICE gets fans the best ticke,0,0,0.0,True
9263,IC&E Technician DTE Energy and Refined Resources have p,1,1,0.962,True
8328,Web Designer  We’re looking for a web designer with a p,0,0,0.0,True
8053,Marketing and Sales Representative- Full Time Position ,0,0,0.0,True
8387,"Java Developer Cigniti Inc. is a 15 year old Irving, TX",0,0,0.012,True
1270,Human Resource Manager PROSULTING IS PEOPLE The ProSult,0,0,0.004,True
8891,Gap Year Java Software Developer Axonix is a global mob,0,0,0.004,True
16735,Software Developer We're Hiring!Yoyo is bringing togeth,0,0,0.0,True
16545,Title Insurance: Recording Officer / Recorder -NYC #URL,0,0,0.012,True
9638,iOS/Mobile Developers Vend is looking for some awesome ,0,0,0.0,True
12821,UX Architect & Designer Founded in 2010 by a team from ,0,0,0.002,True
17149,"Technical Solutions Engineer From the lands of Can Do, ",0,0,0.002,True
6140,Mid-Market Retail Sales Executive  The Mid-Market Retai,0,0,0.06,True
13798,Bookkeeper Growing event production company providing s,0,0,0.032,True
14515,Intern Business/Producer team MediaMonks is the biggest,0,0,0.0,True
9657,Civil Engineer  RESPONSIBILITIES:This position is respo,0,0,0.002,True
6644,Digital Project Manager  We are looking for someone to ,0,0,0.046,True
5148,Javascript Engineer Ginetta Web/Mobile is a leading web,0,0,0.0,True
6288,Linux SysAdmin | Network Administrator PINT is a leader,0,0,0.0,True
16276,Front Desk Receptionist Valor Services provides Workfor,0,0,0.006,True
17690,Data Entry Admin/Clerical Positions - Work From Home  A,1,1,1.0,True
16659,Web Programmer A Creative agency for Web Design &amp; D,0,0,0.002,True
7411,Senior Local Government Affairs Representative  Apply u,1,1,0.624,True
13197,Patient Advocate  POSITION OBJECTIVE: To assist the res,0,0,0.064,True
13162,Wait Staff/Servers Wanted - Great Tips The Belfry Inn &,0,0,0.004,True
5665,Graduates: English Teacher Abroad We help teachers get ,0,0,0.0,True
9609,QA Engineer - Mobile Babbel enables anyone to learn lan,0,0,0.002,True
2138,"[Dallas, TX] Fundraising Consultant All American classi",0,0,0.0,True
4342,Community Manager (LA) At HoneyBook we’re re-imagining ,0,0,0.0,True
7866,"Marketing Manager Cin7 is total inventory, warehouse an",0,0,0.01,True
12498,Police Officer Hawkeye Recruitment provides cost effect,0,0,0.004,True
17017,Escrow Processor Network Closing Services has been serv,0,0,0.002,True
12429,B2B Energy Sales Advisor (Outbound) Mon-Fri 9am-5pm Aqu,0,0,0.014,True
2435,Software Developer Ruby on Rails MAP Digital: MetaMeeti,0,0,0.018,True
423,Agent-Inbound Sales Position Delivering superior custom,0,0,0.0,True
15093,Business Development for an experienced Real Estate Bro,0,0,0.006,True
12836,IT Security Analyst We Provide Full Time Permanent Posi,0,0,0.0,True
6962,"Senior Java Developers (Java, Scala, Hadoop, Couchbase,",0,0,0.006,True
1012,"Customer Support Receptionist / Agent - English, German",0,0,0.006,True
16824,Java Tech Lead e-Solutions Inc. is a talent-driven cons,0,0,0.028,True
15039,Front-End Developer Viral Growth Want to build a 21st c,0,0,0.004,True
10140,Customer Service Team Lead Novitex Enterprise Solutions,0,0,0.0,True
2031,Scala/Akka Developer We are young and small startup wit,0,0,0.02,True
2504,Graduates: English Teacher Abroad We help teachers get ,0,0,0.0,True
15953,"Graduate / Junior Designer Brand Apps is a exciting, yo",0,0,0.076,True
7418,"Assistant Manager  Westview Financial Services, located",0,0,0.0,True
16667,Technical Writer CARES is Alabama’s approach to the mod,0,0,0.026,True
6218,Head of Customer Support If working in a cubical seems ,0,0,0.002,True
13421,Insights & Analytics Intern We are on a mission: Making,0,0,0.004,True
3942,Financial Controller Workable is a venture-backed start,0,0,0.008,True
14799,Software Product Line Manager Human capital is usually ,0,0,0.0,True
17747,Office Assistant  A Los Angeles based Real Estate firm ,1,0,0.19,False
1932,Brand Specialist Pame Stoixima  The Brand Specialist of,0,0,0.05,True
8164,English Teacher Abroad We help teachers get safe &amp; ,0,0,0.0,True
13905,Sales Manager - Romania  Moosend is expanding its team ,0,0,0.002,True
4302,Head of Marketing If working in a cubical seems like yo,0,0,0.006,True
15903,Virality Code Ninja (Full-Stack Developer) Want to buil,0,0,0.004,True
12888,Ad Operations Specialist ConsumerTrack is a technology-,0,0,0.002,True
11213,ASP.Net (C#) Developer Working in over 60 countries and,0,0,0.0,True
4447,I want to be a Postgrad Intern at Vend! Vend is looking,0,0,0.006,True
4981,Entry Level Loan Officer Proficio Mortgage is a rapidly,0,0,0.002,True
2380,Instructional Designer  This position will be highly fo,0,0,0.04,True
7405,Software Engineer We Provide Full Time Permanent Positi,0,0,0.0,True
6542,"Senior Wealth/Estate Planner-Chicago, IL About The Symi",0,0,0.002,True
7627,Payroll Accountant Our CompanyAdcash® is an internation,0,0,0.008,True
7080,Systems Engineer Middle East Recruitment is a specializ,0,0,0.008,True
5235,Risk Supervisor Tidewater Finance Co. was established i,0,0,0.0,True
17338,"Product Owner We experiment with new digital products, ",0,0,0.002,True
9895,Internal Marketing Representative Tidewater Finance Co.,0,0,0.016,True
9417,Outside Sales Representative Schroeder Solutions is a f,0,0,0.0,True
1839,Recovery Specialist Tidewater Finance Co. was establish,0,0,0.0,True
11641,Community Curator Qrator is a visual (web &amp; mobile),0,0,0.0,True
2896,Infocomm Associate Shape the Future.The Learning Lab is,0,0,0.002,True
17862,Clinical Supervisor Crossroads Treatment Centers is a n,0,0,0.01,True
6040,Digital Marketing Specialist The field of Social Networ,0,0,0.002,True
2111,Ruby and C Developer  CloudWalk Inc. is hiring one embe,0,0,0.032,True
5955,Software Clinical Specialist Somnoware is a software pl,0,0,0.008,True
7752,Optical / Sales  Optometric practice is seeking a full-,1,1,0.858,True
1278,"Video Journalist, Turkish Language Applied Memetics LLC",0,0,0.0,True
806,Product Specialist - Night Shift  Please note that this,0,0,0.026,True
6889,ACCOUNTING ASSISTANT  Perform all accounting and tax tr,0,0,0.138,True
3177,Regional Field Sales Representative We Provide Full Tim,0,0,0.004,True
11699,Digital Producer The Boston Consulting Group (#URL_4542,0,0,0.004,True
13885,Head of Creative Services Fnatic was founded in 2004 an,0,0,0.004,True
17235,In-House Talent Consultant (Part Time) Adthena is the U,0,0,0.006,True
10946,Customer Service Associate Novitex Enterprise Solutions,0,0,0.082,True
6463,"Caregiver Berrien County ""Our mission to our clients is",0,0,0.002,True
9733,Supply Chain Logistics Analyst At the core of IT’s chal,0,0,0.006,True
7099,"iOS Developer Not a ninja, rockstar, or guru? Perfect. ",0,0,0.0,True
14722,FT and PT Evening Habilitation Specialist/Direct Care S,0,0,0.0,True
17400,"Sales Representative  Westview Financial Services, loca",0,0,0.012,True
16991,Software Developer (Ruby) Do you want to be part of a s,0,0,0.002,True
9767,Chief Financial Officer - Leading Packaging Company ABO,0,0,0.002,True
15102,NetApp Storage Administrator Instrumental is a highly d,0,0,0.034,True
12098,Data Analyst We take the hassle out of finding and book,0,0,0.002,True
13751,Senior Front End Engineer Interana is for interactive e,0,0,0.0,True
7796,Service Delivery Manager 1 Novitex Enterprise Solutions,0,0,0.0,True
2794,Web & User Experience Designer Likno Software is a soft,0,0,0.016,True
799,"HVAC Installers - $1,000 Bonus Available Hawkeye Recrui",0,0,0.014,True
6936,English Teacher Abroad We help teachers get safe &amp; ,0,0,0.0,True
11814,Warehouse Manager - Orange Solar electricity is the way,0,0,0.012,True
12322,Engineering Manager - Project Engineering Exp - TX We P,0,0,0.014,True
4653,Agile Business Analyst Applied Memetics LLC is a profes,0,0,0.012,True
4922,"Experienced HCC coder,ER coder,E&M coder  JOB DESCRIPTI",0,0,0.032,True
16198,Passport and Visa Specialist VisaHQ hires a diverse and,0,0,0.0,True
16051,Quality Assurance Engineer (m/f) airfy prägt sicheres u,0,0,0.0,True
2761,APPRENTICE ELDERLY CARE WORKERS Established on the prin,0,0,0.018,True
14819,Animator 7Indigo New Media is an advertising agency spe,0,0,0.008,True
7272,Amazon Web Services (AWS) Administrator Hellas Direct i,0,0,0.006,True
1423,English Teacher Abroad We help teachers get safe &amp; ,0,0,0.0,True
17865,Portfolio Development Associate - Paris & rest of Franc,0,0,0.01,True
5640,Advertising Sales Manager  SupersonicAds is looking for,0,0,0.038,True
9587,Beauty & Fragrance consultants needed Established on th,0,0,0.0,True
14500,Insurance Sales Representative Symmetry Financial Group,0,0,0.0,True
1595,"Senior Software Engineers, C++ Software Competitiveness",0,0,0.0,True
3627,Church Administrator/ Secretary Bradley Contracting Gro,1,1,0.606,True
7799,English Teacher Abroad (Conversational) We help teacher,0,0,0.0,True
12550,Account Supervisor Frequency540 (FQ540) is a full servi,0,0,0.0,True
94,WF17 9LU Customer Service Apprenticeship under NAS 16-1,0,0,0.006,True
17275,Area Sales Manager - Ahmedabad POSist is a completely c,0,0,0.002,True
2437,Manchester Apprenticeships Available Under NAS 16-24 ye,0,0,0.002,True
11569,Technical Program Manager Bright Edge and Aptitude Staf,1,1,0.612,True
13182,Growth Hacker HappyFox is a young startup that is all a,0,0,0.024,True
9285,"Expert lead, investment and banking activities #URL_50c",0,0,0.0,True
4780,Data Analyst  Working on helping company's clients bett,0,0,0.056,True
1011,Marketing / Sales Representative Tidewater Finance Co. ,0,0,0.0,True
3184,Business Development Representative Infogram is the dat,0,0,0.008,True
2567,Product Analyst Babbel enables anyone to learn language,0,0,0.0,True
10686,Customer Service Associate Novitex Enterprise Solutions,0,0,0.0,True
12643,Head of Marketing At HoneyBook we’re re-imagining the e,0,0,0.0,True
15479,Student Ambasador  As a student ambassador your role wi,0,0,0.056,True
7539,Account Manager We launched Involvio as students at Dre,0,0,0.0,True
10719,Title Insurance: Commercial Title Processor/ Production,0,0,0.014,True
2817,IT Security Consultant EUROPEAN DYNAMICS (#URL_c66532ff,0,0,0.008,True
6942,Multi-Disciplined Designer/Retoucher/Photographer Wedo ,0,0,0.002,True
6352,Software Craftsman  At Mutually Human we design and bui,0,0,0.024,True
13135,Internship - Software Engineering (Summer 2015) We desi,0,0,0.002,True
2049,Assistant Controller DealDash Oyj’s fun &amp; exciting ,0,0,0.004,True
12155,Sales Manager - Outside Sales Rep Hawkeye Recruitment p,0,0,0.024,True
4741,Sr. Application Support Specialist Insite Software is l,0,0,0.012,True
10489,Administrative Assistant - Commercial Real Estate With ,0,0,0.072,True
2445,Mystery Shopper - New Mexico SDI Marketing started in 1,0,0,0.004,True
591,"Client Care Advocate ""Our mission to our clients is to ",0,0,0.134,True
7937,"CDL Driver-Addison ABC Supply Co., Inc. is the nation’s",0,0,0.0,True
14418,"Enterprise Support SE People, Process and Tools come to",0,0,0.002,True
345,Kindergarten Teacher We place highly qualified governor,0,0,0.08,True
17219,Systems administrator DICE gets fans the best tickets a,0,0,0.0,True
5522,Home Based Payroll Typist/Data Entry Clerks Positions A,1,1,1.0,True
12599,"Illustrator for Games At Total Eclipse we create fun, o",0,0,0.006,True
12341,English Teacher Abroad We help teachers get safe &amp; ,0,0,0.0,True
9440,Chelmsford Customer Service Apprenticeship Under NAS 16,0,0,0.0,True
10146,Maintenance Technician We Provide Full Time Permanent P,0,0,0.0,True
2086,WEB DEVELOPER Zylun is expanding the recruiting landsca,0,0,0.058,True
5775,"Web Application Engineer Not a ninja, rockstar, or guru",0,0,0.0,True
6171,Customer Experience Superstar Dreamers &amp; Creators i,0,0,0.004,True
4623,Hadoop consultant Infolob Solutions is a leader in Mana,0,0,0.0,True
4911,"Account Coordinator We design, deploy, and maintain adv",0,0,0.0,True
12806,"Press Operator Baesman is a nationally-recognized, sing",0,0,0.002,True
6510,"Mobile Developer Android Created in 2010, RoyalCactus h",0,0,0.0,True
10923,Software Engineer HealthLink provides a computer commun,0,0,0.002,True
9092,Staff Interpreter Why CSD?CSD is not only a great place,0,0,0.0,True
7045,"Reservoir Engineer, A&D Advisor Valor Services provides",0,0,0.034,True
16235,Process Engineer We Provide Full Time Permanent Positio,0,0,0.0,True
9548,Multimedia Software Test Engineer Neusoft America is a ,0,0,0.006,True
3133,Security Officer (SO) - Richmond At SMGI we believe tha,0,0,0.0,True
16292,SEM Specialist ConsumerTrack is a technology-centric in,0,0,0.002,True
4150,"Class A/B Driver ABC Supply Co., Inc. is the nation’s l",0,0,0.0,True
2263,Business Development Manager Bluebridge was created by ,0,0,0.046,True
2210,NARRATIVE: Cultural Fits We are not your average Monday,0,0,0.02,True
12665,Senior Visual Designer Namely is the leading end-to-end,0,0,0.0,True
11056,Marketing & Communications Manager - Rippleshot The sto,0,0,0.0,True
9957,English Teacher Abroad We help teachers get safe &amp; ,0,0,0.0,True
7518,"Enterprise Manager Novitex Enterprise Solutions, former",0,0,0.004,True
5499,Brand Partner  Looking for motivated and hardworking in,1,0,0.116,False
998,Bookeeper/Supply Manager  Full time Bookkeeper for loca,0,0,0.156,True
11706,Client Services Manager TaskUs provides outsourced cust,0,0,0.002,True
11517,Senior Visual Designer Declara is focused on bringing d,0,0,0.0,True
14687,Director of Quality - Volpi Foods ABOUT VERTO Verto Par,0,0,0.022,True
5200,Back-end Developer AREA 17 is an interactive agency. We,0,0,0.0,True
17427,Sales Associate Green Street Advisors is the industry l,0,0,0.0,True
4407,Data Specialist Maker’s Row is an online marketplace th,0,0,0.0,True
8518,On-Line Revenue Manager - Netlog Massive Media is the s,0,0,0.016,True
15880,"Technical Lead, Android We're an emerging technology ag",0,0,0.002,True
6557,Frame Stylist / Optician  If you enjoy sales and fashio,1,1,0.716,True
14268,"Sr. Marketing Manager, Demand Generation  THE COMPANY: ",0,0,0.03,True
11128,Customer Service Associate - Part Time Novitex Enterpri,0,0,0.0,True
17736,NICU RN  Find more jobs at #URL_4708e598004bb0a85bf09f9,1,1,0.948,True
11629,Accounts & Payroll Officer NL Group supplies specialist,0,0,0.006,True
14015,Support Team Member Envision Remodeling Co. is a Home R,0,0,0.008,True
14018,English Teacher Abroad (Conversational) We help teacher,0,0,0.0,True
4719,Senior Account Manager SilverStripe CMS &amp; Framework,0,0,0.0,True
15140,Project Manager EUROPEAN DYNAMICS (#URL_c66532ffa1ce76a,0,0,0.002,True
7194,Lead Developer hedgehog lab is a post-PC digital agency,0,0,0.0,True
3759,PHP Developer Money is a person-to-person money transfe,0,0,0.004,True
14407,PR Manager ComboApp is a full cycle communications and ,0,0,0.004,True
8587,PACU RN  Find more jobs at #URL_1efb08d6a6da1c56afb2d0c,1,1,0.952,True
1955,Secondary Science Teacher The Albany Charter School Net,0,0,0.0,True
12220,Director of Operations  About From the FarmerWe are a f,0,0,0.004,True
6246,Online Marketing Specialist incrediblue is busting the ,0,0,0.0,True
12846,Multiple Positions in Multiple Locations - Data Modeler,0,0,0.062,True
7100,Mobile Software Developer Axonix is a global mobile adv,0,0,0.0,True
5969,Data and Marketing Analyst Gelato Group is a SaaS compa,0,0,0.004,True
15794,Live Ops Manager Space Ape Games is an Award Winning Mo,0,0,0.016,True
11081,Shipper (Phoenix) Our HistoryFounded in 1929 by Earl Be,0,0,0.0,True
13658,Director of Finance and Accounting Who are We?Aya Healt,0,0,0.004,True
1181,Marketing Manager Taxibeat is changing the global taxi ,0,0,0.0,True
8846,Graduates: English Teacher Abroad (Conversational) We h,0,0,0.0,True
2822,Home Worker Team Coordinator/Leader CallCentre People R,0,0,0.012,True
17139,Senior Developer import•io was founded in 2012 by David,0,0,0.0,True
7527,Bossman We've been hailed as the next big thing by Wire,0,0,0.042,True
10471,OD Consultant  Use your OD experience to design and del,0,0,0.03,True
15754,Senior Marketing Manager incrediblue is busting the myt,0,0,0.0,True
7314,Customer Service Representative Transifex is a SaaS con,0,0,0.006,True
1901,Senior Docket Clerk/Court Filer Novitex Enterprise Solu,0,0,0.036,True
1374,Customer Service Team Lead Novitex Enterprise Solutions,0,0,0.0,True
15599,"Global Account Director About Us:For nearly 20 years, T",0,0,0.012,True
6865,Technical Operator for Entertainment Control Systems Qu,0,0,0.0,True
14167,Project Manager Can data be a thing of beauty? We think,0,0,0.0,True
2431,Payment Engine Analyst Want to build a 21st century fin,0,0,0.0,True
10416,Sales Manager - London Forward3D is the largest indepen,0,0,0.002,True
3764,Compliance Officer (potential for part-time) NOW: Pensi,0,0,0.004,True
5788,Senior PHP Developer Vend is looking for some awesome n,0,0,0.0,True
6570,Senior .Net/C# Developer with Investment Banking / Trad,0,0,0.016,True
12883,Licensed Practical Nurse - Part-time & PRN (Asheville C,0,0,0.008,True
14393,Counselor The Albany Charter School Network is a family,0,0,0.0,True
2154,Account Manager If working in a cubical seems like your,0,0,0.0,True
11909,PEI seeks newshound to lead new digital title PEI Media,0,0,0.002,True
17292,Lead developer Founded by serial entrepreneur Clive Jac,0,0,0.0,True
10287,Customer Service Associate Novitex Enterprise Solutions,0,0,0.0,True
3552,.Net Web Developer Atcom is a world - class software ve,0,0,0.0,True
7,Lead Guest Service Specialist Airenvy’s mission is to p,0,0,0.04,True
13870,English Teacher Abroad We help teachers get safe &amp; ,0,0,0.0,True
17751,Cruise Staff Wanted *URGENT*  6* Ultra Luxury American ,1,1,1.0,True
9890,English Teacher Abroad We help teachers get safe &amp; ,0,0,0.0,True
1720,Sales Executive / Sales Accelerator GlobalWebIndex runs,0,0,0.002,True
12528,Personal Care Worker - Community Living Assistant Hawke,0,0,0.004,True
5836,"Java Architect Founded by top technical experts, Arithm",0,0,0.01,True
8448,Head of Department Leadership talent acquisition. Speci,0,0,0.008,True
10666,Experienced Cutter Operator Baesman is a nationally-rec,0,0,0.038,True
10596,Need a Project Manager Infolob Solutions is a leader in,0,0,0.044,True
14676,Brand Manager Since 1978Our goal has been to create eng,0,0,0.0,True
97,Customer Service Associate Novitex Enterprise Solutions,0,0,0.0,True
7438,Editor Lifehack is widely recognized as one of the prem,0,0,0.024,True
15742,"Data Solutions Consultant (Portland, OR) Can data be a ",0,0,0.002,True
17761,Payroll Data Coordinator Positions - Earn $100-$200 Dai,1,1,1.0,True
7654,Admin Clerk Remote Position  We are seeking individuals,1,1,1.0,True
6986,Business Development Intern Ballparc is a venture-backe,0,0,0.04,True
12198,Experienced Optician Dr. Tavel Family Eyecare is one of,0,0,0.042,True
9588,Electrician Niacet is a leading producer of organic sal,0,0,0.0,True
8699,Social Media & Communications Manager Tile is one of th,0,0,0.0,True
14130,Ejecutivo de Cuentas/Ejecutivos Comercial R.H. ÁGIL es ,0,0,0.0,True
15607,Sales Finance Manager The RealReal is changing the way ,0,0,0.0,True
3417,Data Scientist Creators of innovative software products,0,0,0.022,True
13,Installers Growing event production company providing s,0,0,0.014,True
3050,ECAD Engineer Quiénes SomosSomos una firma mexicana de ,0,0,0.0,True
14685,Senior Ruby Developer Planning Center Online has been m,0,0,0.006,True
11361,Field Representative/ Hiring Immediately  Hiring Field ,0,0,0.076,True
12183,Software Engineer (Bitcoin!) Want to transform finance?,0,0,0.0,True
10552,Personal Assistant We believe cities are complicated. A,0,0,0.022,True
14817,"Sales Executive, Latin America (based in New York)  Are",0,0,0.006,True
7920,Cruise Ship Physicians And Nurses  Ash Tree Services is,0,0,0.228,True
2791,VP Business Development We’re not doctors. We are geeks,0,0,0.0,True
1801,Senior C++ Linux Developer - Iasi  Netop is actively se,0,0,0.046,True
9615,"Construction Project Engineer  We are a successful, gro",0,0,0.044,True
11887,C# Developer Cohaesus is a trusted partner to the world,0,0,0.002,True
15658,Food & Drink Content Editor  Dojo helps thousands of pe,0,0,0.096,True
17202,Java Developer  Our client is looking for qualified can,0,0,0.076,True
7468,Customer Service Technical Specialist - Part Time Novit,0,0,0.0,True
17833,Web Designer  We’re looking for a web designer with a p,0,0,0.0,True
8500,Entry Level Sales  General Summary: Achieves maximum sa,0,0,0.0,True
7812,Customer Service Print Team Lead Novitex Enterprise Sol,0,0,0.0,True
10261,Customer Service Associate - Part Time Novitex Enterpri,0,0,0.002,True
2161,MES(Manufacturing Execution System) Pre-Sales Talented ,0,0,0.006,True
14930,Process Engineer We Provide Full Time Permanent Positio,0,0,0.0,True
5365,Customer Service Representative Wedo is a collection of,0,0,0.018,True
8372,"Remote support, AU timezone (UTC+10) #URL_31fdc354999cb",0,0,0.004,True
11290,Sales Representative with Management Training - AT&T Ar,0,0,0.0,True
17135,Sales Leader Joist is a platform for trades contractors,0,0,0.018,True
1809,Nurse - Primary Care Outreach (PCO) Since 1973: Working,0,0,0.0,True
11461,Senior Instructional Designer Openlane is a fully-funde,0,0,0.034,True
8595,Clinical Director  Apply using below link#URL_b76b76a4d,1,0,0.408,False
5122,"Business analyst УУРРАА - технологическая компания, раб",0,0,0.0,True
5707,Medical Receptionist/Scheduler  Medical Receptionist/Sc,0,0,0.078,True
7753,NE4 9BN Customer Service Apprenticeship Available Under,0,0,0.002,True
12657,General Production Vortex® is considered the world lead,0,0,0.024,True
13368,Back office Tester EUROPEAN DYNAMICS (#URL_c66532ffa1ce,0,0,0.0,True
12476,Senior Designer We’ve built revolutionary technology th,0,0,0.012,True
1821,Principal/Senior Mechanical Engineer (Package Equipment,1,1,0.964,True
14165,English Teacher Abroad We help teachers get safe &amp; ,0,0,0.0,True
1086,Ruby on Rails Developer Newspaper Club is a service to ,0,0,0.0,True
4934,Substance Abuse Counselor Volunteers of America is a fa,0,0,0.032,True
7410,iOS Developer Trebbble is a mobile strategy and develop,0,0,0.002,True
9106,Graduates: English Teacher Abroad (Conversational) We h,0,0,0.0,True
11885,Software Developer .Net SQL Server FiLo is a leader in ,0,0,0.038,True
13042,Front End Engineer  Note: Candidates authorized to work,0,0,0.062,True
6320,Store Manager  The Store Manager is responsible for man,0,0,0.04,True
10536,Java Developer  Qualifications &amp; Experience *Minimu,0,0,0.026,True
9316,PL15 9LR Resourcer Apprenticeship Under NAS 16-18 Year ,0,0,0.0,True
17330,Administrative  The administrative assistant will be re,1,0,0.458,False
1772,Recruiter - Global Market Entry - Growing Startup 90 Se,0,0,0.002,True
6301,HSE Manager  Corporate overviewAker Solutions is a glob,1,1,0.884,True
14896,Manufacturing Operations Supervisor We Provide Full Tim,0,0,0.0,True
6515,Salesforce Developer | Administrator for Rapidly Growin,0,0,0.0,True
15462,Partnership Manager We take the hassle out of finding a,0,0,0.0,True
4598,Post for Assistant Director in Education  Fiinovation i,0,0,0.104,True
10648,Recovery Specialists Tidewater Finance Co. was establis,0,0,0.0,True
14873,Business Development (Senior Portfolio Manager) MarketI,0,0,0.0,True
1170,Administrative Assistant  Administrative AssistantEssen,1,1,0.98,True
1979,Sr Full Stack (.NET) Developer StartupTAP is not a conv,0,0,0.0,True
7544,Contact Center Representatives Tidewater Finance Co. wa,0,0,0.0,True
6894,iOS Mobile Engineer Transifex is a SaaS continuous loca,0,0,0.004,True
15648,Purchasing Specialist Valor Services provides Workforce,0,0,0.004,True
7159,"Become a co-Director in Chiang Rai, Thailand  If you’re",0,0,0.018,True
11512,Front Desk Receptionist (Chiropractic Office) River Oak,0,0,0.006,True
5621,Human Resources Partner Our passion for improving quali,0,0,0.0,True
17580,Data Entry/ Administrative Assistant  Immediate opening,1,1,0.616,True
14487,Public Relations Specialist Why work with tapely#URL_60,0,0,0.0,True
7433,Janitors (Sacramento Region)  Seeking part-time janitor,0,0,0.0,True
10982,Director of Rehab Welcome to interface rehabinterface r,0,0,0.0,True
11485,BD10 9TQ Recruitment Apprenticeship Available Under NAS,0,0,0.0,True
1642,Client Delivery Manager ISE resolves technology vulnera,0,0,0.006,True
9961,Freelance Translators (m/f) into Brazilian Portuguese B,0,0,0.0,True
15478,Internship in India  London is a fast paced city of cul,0,0,0.07,True
9347,PYTHON DEVELOPER Cohaesus is a trusted partner to the w,0,0,0.02,True
7429,Part-Time Executive Assistant BIGGER MARKETS is a colle,0,0,0.022,True
8612,Executive Director In 1998 a broad coalition of Bayview,0,0,0.004,True
1852,Rally expert Eviture is a professional services firm th,0,0,0.0,True
3102,Civic Liaison Multi-Tiered Animal Rescue &amp; Educatio,0,0,0.006,True
15813,"Home Health RN- Nucla, CO Critical Nurse Staffing, Inc.",0,0,0.0,True
17048,SaaS Inside Sales Manager This text will appear on your,0,0,0.024,True
15078,AngularJS Developer Based in San Francisco with a devel,0,0,0.002,True
12285,Inside Sales/Account Manager  Are you ready to sell the,0,0,0.028,True
4733,Office Manager We’ve built revolutionary technology tha,0,0,0.01,True
15035,Frontend Engineer Addy's mission is to make every deliv,0,0,0.006,True
17468,Growth Hacker at a Startup Investment Studio Based in H,0,0,0.0,True
15701,Product Manager Content Services Upstream’s mission is ,0,0,0.004,True
11384,Lead mobile developer FeedMe is an online multimedia fo,0,0,0.0,True
12378,Elland Administrator Apprenticeship Under NAS 16-18 Yea,0,0,0.0,True
5711,Corporate Receptionist  Job OverviewApex is an environm,0,0,0.054,True
11785,Client Service Manager (EN & FR) Optimy is a fast-growi,0,0,0.0,True
2538,High Performance Data Access Framework Engineer Based i,0,0,0.032,True
1314,Quality Assurance Analyst We’re always looking for high,0,0,0.004,True
6715,"Head of Product Management SocialWellth is a Las Vegas,",0,0,0.002,True
11525,UX Designer At Founders we create companies. We are are,0,0,0.04,True
7182,Network Engineer (VOIP/SIP) The OneReach team is compri,0,0,0.006,True
1559,IT- Auditor  The IT Audit Consultant will serve as a me,0,0,0.042,True
12894,"Editorial Director WDM Group is an innovative, forward ",0,0,0.0,True
16178,web project manager Ryanair is Europe’s favourite low f,0,0,0.002,True
9561,Marketing Account Manager - Funnelback Squiz is one of ,0,0,0.0,True
11739,UST Testing Technician Jaco Oil and Refined Resources h,1,1,0.902,True
16956,Customer Relations - Full Time - No Call Center LEI Hom,0,0,0.004,True
9770,Client Engagement Manager The Selectus Group is a custo,0,0,0.004,True
721,Financial Advisor  Ground Floor Opportunity With A Grow,0,0,0.04,True
4371,Quality Assurance Engineer  Here at The Currency Cloud ,0,0,0.044,True
5878,Customer Care Representative Stokes Automotive Group-Be,0,0,0.006,True
16510,Product Photographer and Retoucher #URL_25e85371e7108e2,0,0,0.04,True
6540,Proactive Regional Sales Manager  A Canadian-based Digi,0,0,0.082,True
1944,Oilfield Work - Frac Tank Cleaner/ Laborer - Start Next,0,0,0.032,True
8570,"HERSHEY- Manager, Pricing Strategy Pricing Recruiters i",0,0,0.004,True
5112,Junior Account Executive - Charlotte Our passion for im,0,0,0.0,True
10784,Customer Service Associate - Part Time Novitex Enterpri,0,0,0.0,True
6230,Travel Agent  Advantage xPO is part of the Advantage Re,1,0,0.37,False
17667,Quant Analyst  Our client is an award winning High-Freq,1,0,0.026,False
16429,Staff Accountant Digital Brand Architects is a transfor,0,0,0.002,True
3582,English Speaking Customer Support Representative #URL_c,0,0,0.012,True
6613,Senior Buyer StepBeyond Solutions Inc. Talent Acquisiti,0,0,0.058,True
12318,Software Developer We Provide Full Time Permanent Posit,0,0,0.02,True
7839,English Teacher Abroad (Conversational) We help teacher,0,0,0.0,True
10245,"Records Service Associate Novitex Enterprise Solutions,",0,0,0.008,True
3959,Sr. Java Developer ValleySoft is a fast growing global ,0,0,0.012,True
8313,Scribe  Works closely with an Emergency Medicine Physic,0,0,0.08,True
6015,International Banking Partnerships Want to build a 21st,0,0,0.026,True
680,Front-end web developer (CSS/HTML) Inviting inspiration,0,0,0.0,True
898,"Senior Web / UI Designer An independent award winning, ",0,0,0.0,True
7898,Full Stack Engineer (Founding Team) Playfair Capital is,0,0,0.032,True
5982,Junior Developer / Professional Services Agent Softomot,0,0,0.022,True
17125,Account Coordinator ConsumerTrack is a technology-centr,0,0,0.006,True
16772,Urgent Requirement : Dotnet Developer for UAE VAM SYSTE,0,0,0.016,True
675,Admin Assistant Cohaesus is a trusted partner to the wo,0,0,0.036,True
12267,Director of Strategic Communications About ECHOING GREE,0,0,0.0,True
12676,"Technical Lead, iOS We're an emerging technology agency",0,0,0.002,True
7765,Contract SilverStripe Developer SilverStripe CMS &amp; ,0,0,0.0,True
8650,Social Media Intern We're hiring!AvenueStory is a conce,0,0,0.008,True
15493,Automotive Controls Engineer We Provide Full Time Perma,0,0,0.0,True
10550,QA Software Tester  Jr. QA EngineerExperience :1-5 year,0,0,0.0,True
6372,BizTalk Developer i28 Technologies has demonstrated exp,0,0,0.002,True
10442,I want to work at Vend in BERLIN Vend is looking for so,0,0,0.0,True
14937,English Teacher Abroad We help teachers get safe &amp; ,0,0,0.0,True
4145,Payroll Clerk At DynCorp International it is our commit,1,1,0.978,True
14059,Occupational Therapy Supply chain management company wi,0,0,0.014,True
6159,Senior Project Manager (aka Professional Juggler) Invit,0,0,0.0,True
5457,"Project Manager - UK 90 Seconds, the worlds Cloud Video",0,0,0.0,True
7511,Photo Retoucher The RealReal is changing the way people,0,0,0.002,True
12766,Inside Account Coordinator GPL Technologies is a soluti,0,0,0.002,True
4793,NARRATIVE: Influencer Marketing Manager We are not your,0,0,0.006,True
12726,SuperStar (Store Manager) - Kenwood Towne Center Ready ,0,0,0.0,True
17415,"Project Manager - Video Production, London 90 Seconds, ",0,0,0.0,True
16286,"VP, Strategy & Analytics MarketInvoice is one of the mo",0,0,0.004,True
5530,Director of Engineering Money is a person-to-person mon,0,0,0.004,True
11559,UI / UX Frontend-Developer (m/f)  in Bielefeld (Germany,0,0,0.004,True
1064,"Marketing Exec As augmented reality jobs go, one at Bli",0,0,0.018,True
15679,2D Artist Space Ape Games is an Award Winning Mobile/So,0,0,0.002,True
2057,Alliance Manager Upstream’s mission is to revolutionise,0,0,0.018,True
1572,Telemarketing professional We are a family run business,0,0,0.0,True
2462,Client Care Worker Volunteers of America is a faith-bas,0,0,0.022,True
4022,Mechanic - Trucks/Heavy Equipment Valor Services provid,0,0,0.002,True
11471,Teaching/Instructional Aide At the core of IT’s challen,0,0,0.052,True
7072,Project Engineer Middle East Recruitment is a specializ,0,0,0.008,True
7498,Speech Language Pathologist (Home Health) Mission State,0,0,0.0,True
4816,"Clinic Assistant, Eye Clinic, Sudbury Primary Care Cent",0,0,0.0,True
15106,"Winter Analyst Our work at HPS is collaborative, center",0,0,0.006,True
9542,PR & Content Intern Bluesmart is an early stage startup,0,0,0.018,True
17390,Project Engineer Valor Services provides Workforce Solu,0,0,0.01,True
12295,Office Support Assistant Growing event production compa,0,0,0.02,True
3906,Technical Support Engineer Upstream’s mission is to rev,0,0,0.0,True
1337,Senior Unified Communications Sales Consultant IP Solut,0,0,0.022,True
8924,Sales Coordinator GPL Technologies is a solutions provi,0,0,0.0,True
8772,NARRATIVE: Art Director We are not your average Monday ,0,0,0.008,True
2325,Intermediate Accountant Great Customer Service from Sta,0,0,0.006,True
6443,Ruby on Rails Developer [Remotely] We are Netguru and w,0,0,0.0,True
2027,"HR Business Partner EMEA Formed in 2006, Saul&amp;Partn",0,0,0.002,True
5441,Easy Money DMT Instant Reward. We are Hiring all The Ti,1,0,0.498,False
1577,Executive Assistant HappyFox is a young startup that is,0,0,0.024,True
2396,Senior QA Engineer Aptitude Staffing Solutions has rede,1,1,0.974,True
8441,Senior Drilling Engineer Valor Services provides Workfo,0,0,0.036,True
6060,Software Engineer We Provide Full Time Permanent Positi,0,0,0.0,True
5946,UX Designer  You will be joining a small (10) but highl,0,0,0.022,True
6394,BUSINESS-ANALYST - DWH-Business Intelligence - (8-10 YE,0,0,0.03,True
14816,Marketing Associate QB Medical Inc. is a medical supply,0,0,0.002,True
16004,Customer Service Manager  Driven? Empathetic? Strong Le,0,0,0.064,True
17172,Sales Representative for Home Improvement  Are you look,0,0,0.144,True
12811,Senior Developer at Whiskey Startup Distiller is the wo,0,0,0.002,True
7251,Sr. Javascript Developer - Health Care WillDom is a top,0,0,0.01,True
1244,Senior Visual Designer  We’re looking for a Senior Visu,0,0,0.016,True
14960,Front End Developer Entertainment everywhere. Operating,0,0,0.0,True
4378,Healthcare Assistant  Health Care Assistants required f,0,0,0.02,True
3862,Project Manager  Job Title: PROJECT MANAGERJob Location,0,0,0.064,True
4078,"Webmaster, Korean Service Applied Memetics LLC is a pro",0,0,0.0,True
17845,Junior Game Designer Magmic is a leading developer and ,0,0,0.002,True
7183,CUSTOMER SERVICE AGENT Aegis is a global business servi,1,1,0.526,True
12553,"Child Care Worker  Committed and enthusiastic, you'll w",0,0,0.028,True
1706,Customer Service Representative Envision Remodeling Co.,0,0,0.014,True
11161,Front End Developer Namely is the leading end-to-end HR,0,0,0.002,True
16730,"Marketing Specialist LEI Home Enhancements, is an Ohio ",0,0,0.0,True
15363,Sales Development Representative (hospital and surgery ,0,0,0.026,True
12982,Meditech Lab LIS Analyst  We are looking for a full tim,0,0,0.18,True
12068,Entry Level Sales and Marketing Rep - South Chicagoland,0,0,0.0,True
17334,Health & Wellness Coordinator MRSI is a nonprofit organ,0,0,0.048,True
9134,Military Veterans Wanted for Solar Energy Construction ,0,0,0.0,True
208,English Teacher Abroad We help teachers get safe &amp; ,0,0,0.0,True
3802,Africa Social Media Strategist Applied Memetics LLC is ,0,0,0.0,True
4931,WordPress Front End Developer NoSleepForSheep is a Nash,0,0,0.002,True
13808,Visual Designer Unify — formerly known as Siemens Enter,0,0,0.002,True
12851,"PHP/HTML 5 Programmer  PHP/HTML 5 Programmer atAlbany, ",0,0,0.048,True
13736,Technology Support Specialist  Varsity is a managed IT ,0,0,0.006,True
5126,PeopleSoft HRMS Test Lead ValleySoft is a fast growing ,0,0,0.002,True
7331,Sales Associate/Retail Stylist (Full Time)  JOB DESCRIP,0,0,0.108,True
16526,Account Manager Infrascale is the only complete cloud b,0,0,0.0,True
8465,Oracle Procurement / Contract Implementation Consultant,0,0,0.034,True
2851,"Digital Product Designer We’re a group of designers, de",0,0,0.002,True
11021,English Teacher Abroad We help teachers get safe &amp; ,0,0,0.0,True
5336,"Sr. Merchandiser, Divisional Merchandising Manager  In ",0,0,0.048,True
54,"Outside Sales Professional-St. Cloud ABC Supply Co., In",0,0,0.0,True
8435,Graduates: English Teacher Abroad We help teachers get ,0,0,0.0,True
16819,RoR Specialist  Ruby on Rails Web Engineer (RoR)Now Hir,0,0,0.0,True
12301,"Sales Director Piece &amp; Co. sources custom, artisan-",0,0,0.008,True
2348,Affiliate Manager SpotSource Solutions LLC is a Global ,0,0,0.0,True
3535,Customer Support Representative (English Speakers)- Nig,0,0,0.002,True
2113,Chief Commercial Officer ABOUT VERTO Verto Partners is ,0,0,0.014,True
194,Marketing Manager Founded by serial entrepreneur Clive ,0,0,0.012,True
13934,Senior SQL Developer WHO WE ARE? MILLER &amp; ASSOCIATE,0,0,0.0,True
10454,"Fashion Showroom Assistant EVH is a fashion, lifestyle,",0,0,0.042,True
10899,Cleaner Recruitment Associate We take the hassle out of,0,0,0.0,True
6415,Elementary School Teacher  An elementary school teacher,0,0,0.056,True
642,iOS Developer ustwo offers you the opportunity to be yo,0,0,0.0,True
1640,Jobs in Brazil Jobinbraz is the Bridge between you and ,0,0,0.036,True
7348,Graduates: English Teacher Abroad (Conversational) We h,0,0,0.0,True
7462,Architectural Designer Our company is kept confidential,0,0,0.034,True
1742,Registered Nurse HealthCare California is a locally-own,0,0,0.0,True
5508,Sheffield Estate Agents Office Assistant Apprenticeship,0,0,0.0,True
8423,Call Center Manager Outstanding Member Service Starts W,0,0,0.002,True
7543,Customer Success Manager  Contentful (#URL_0252efddcbc4,0,0,0.002,True
16584,"Commercial Contracts Attorney  Our client, a manufactur",0,0,0.112,True
16815,Ruby on Rails Specialist  Ruby on Rails Web Engineer (R,0,0,0.0,True
10216,Customer Service Associate Novitex Enterprise Solutions,0,0,0.004,True
2205,Waitress-barista in Four Points Sheraton ClarusApex is ,0,0,0.016,True
4987,Intermediate .NET Web Developer Are a rapidly growing a,0,0,0.002,True
4358,"Director, Performance Analytics  Connecticut Hospital A",0,0,0.066,True
2459,SEO Consultant  Digital Account Executive - Search Mark,0,0,0.018,True
658,PL15 Business Admin Apprenticeship Under NAS 16-18 Year,0,0,0.002,True
16748,Sales Representative  Work with a company that is focus,0,0,0.056,True
16607,CC&B Consultant e-Solutions Inc. is a talent-driven con,0,0,0.002,True
5898,Head of Sales Founded by serial entrepreneur Clive Jack,0,0,0.016,True
15612,Non-Urgent Patient Transfer Attendant - Greater Toronto,0,0,0.0,True
16867,Settlements Coordinator Selectus is a leading provider ,0,0,0.018,True
13187,Lead information security technology analyst Digital Sh,0,0,0.0,True
8689,Credit and Collections Clerk Basil Lifecare Pvt. Ltd. i,1,1,0.756,True
4088,Flight Operations Bases Manager Ryanair is Europe’s fav,0,0,0.006,True
11109,B2 4RN Business Admin Apprenticeship under NAS 16-18 ye,0,0,0.0,True
3556,CRM Consultants/Senior CRM Consultants Cognity is a lea,0,0,0.002,True
13802,Cleaning Technician Crossroads Treatment Centers is a n,0,0,0.002,True
9545,Civil Construction Coordinator Founded in 1974 in Canad,0,0,0.014,True
17072,Sr. Architect  Position Title: Sr. ArchitectLocation: H,0,0,0.02,True
2574,"Producer Neverbland is a team of designers, developers ",0,0,0.014,True
8194,Senior API Developer Syfmony2 VouchedFor is a highly di,0,0,0.0,True
3006,Lead Web Developer Cohaesus is a trusted partner to the,0,0,0.002,True
12551,Technical Recruiter Want to build a 21st century financ,0,0,0.0,True
5446,"Warehouse Staff @ PGI, a Food Production Company PGI is",0,0,0.054,True
3423,Connectivity Engineer Upstream’s mission is to revoluti,0,0,0.0,True
3890,Android Software Architect Work with Team OoklaWe're go,0,0,0.0,True
9594,Physical Therapist Welcome to interface rehabinterface ,0,0,0.018,True
7725,Consumer Lending Processor Outstanding Member Service S,0,0,0.002,True
2398,IT Support Technician / Help Desk Support  This challen,0,0,0.062,True
5430,Outside Sales Professional-Greater St. Paul Area ABC Su,0,0,0.0,True
9083,Sales Manager Netigate Sverige Netigate is a leading Eu,0,0,0.006,True
2054,Customer Service and Dispatch Boxbee is the Storage Val,0,0,0.002,True
9927,Developer Infogram is the data visualization product th,0,0,0.022,True
989,Client Services Director Envision Consulting conducts r,0,0,0.008,True
14366,Sales SpotSource Solutions LLC is a Global Human Capita,0,0,0.0,True
14190,Customer Service Associate Novitex Enterprise Solutions,0,0,0.002,True
9036,Marketing Internship We're an emerging technology agenc,0,0,0.008,True
7138,WF17 9LU Customer Service Apprenticeship Established on,0,0,0.006,True
2127,Software Developer (Java) Pioneering advanced analytics,0,0,0.024,True
4060,English Teacher in China  US-Sino New Power HR and Cult,0,0,0.06,True
8848,"Lead Recruiter УУРРАА - технологическая компания, работ",0,0,0.0,True
9744,Account Executive (New York City) Flite delivers ad inn,0,0,0.0,True
1276,"Business Development Manager With offices across UK, ma",0,0,0.002,True
10356,Customer Service Associate Novitex Enterprise Solutions,0,0,0.0,True
6256,Direct Care Staff SHC/The Arc of Medina County is a gre,0,0,0.008,True
2670,TV Production Assistant Applied Memetics LLC is a profe,0,0,0.002,True
5023,Marketing Manager (User Acquisition) Daily Secret is on,0,0,0.0,True
9611,PPC SPECIALIST Zylun’s mission is to help small and med,0,0,0.006,True
2160,Customer Service Team Lead Novitex Enterprise Solutions,0,0,0.0,True
13547,Hilarious Comic Strip Writers Freelanship connects expe,0,0,0.13,True
13843,Service Learning Position Community Action Partnership ,0,0,0.028,True
10561,Flooring Contractor Crew Leader 1212 Flooring Solutions,0,0,0.012,True
3840,Electronics Engineer Fasmatech is a high technology sta,0,0,0.0,True
15669,".NET Developer Wiredrive is a fast growing, privately-o",0,0,0.004,True
647,Developer Community Evangelist Through the Apache Spark,0,0,0.01,True
16721,Team Leaders A Creative agency for Web Design &amp; Dev,0,0,0.016,True
11134,Senior Data Analyst Places Senior Technology and Data p,0,0,0.002,True
7377,Entry Level Sales  General Summary: Achieves maximum sa,0,0,0.018,True
2539,Front-End Web Developer  Front-end Web Developer needed,0,0,0.036,True
9779,Country Manager - Romania We provide a fresh perspectiv,0,0,0.0,True
1837,System Analyst/ Programmer  Position Title: System Anal,0,0,0.04,True
7832,Customer Service Associate Novitex Enterprise Solutions,0,0,0.024,True
5213,PHP SOFTWARE DEVELOPER  JOB TITLE – Software Developer-,0,0,0.05,True
13733,Food Quality We Provide Full Time Permanent Positions f,0,0,0.0,True
17327,Project Manager H WEDIA είναι μια ταχύτατα αναπτυσσόμεν,0,0,0.0,True
7357,"Web Developer Cigniti Inc. is a 15 year old Irving, TX ",0,0,0.008,True
269,English Teacher Abroad We help teachers get safe &amp; ,0,0,0.0,True
2169,Contact Center Representatives Tidewater Finance Co. wa,0,0,0.0,True
12705,Driver - Heavy Duty (San Diego) Our HistoryFounded in 1,0,0,0.0,True
5231,Java SW Engineer EME International is a global leader i,0,0,0.006,True
13673,Media Specialist Upstream’s mission is to revolutionise,0,0,0.002,True
3499,ENG Services Operator Applied Memetics LLC is a profess,0,0,0.002,True
11589,Business Development Trainee Being into the IT domain f,0,0,0.052,True
3327,Front-End Developer hello worldtalents23_ drives the ch,0,0,0.002,True
11867,Sales Engineer We Provide Full Time Permanent Positions,0,0,0.002,True
12924,Legal Administrative Assistant  This position will supp,0,0,0.058,True
5312,Senior Consultant / Manager With our head office in Rad,0,0,0.042,True
14002,Cruise Staff Wanted *URGENT*  6* Ultra Luxury American ,1,1,0.998,True
10858,SENIOR .NET DEVELOPER Zylun is expanding the recruiting,0,0,0.0,True
9444,"Senior Manager, Demand Generation As a growing and succ",0,0,0.002,True
5511,Payroll Data Coordinator Positions - Earn $100-$200 Dai,1,1,1.0,True
12163,Customer Service Manager AREX is a highly ambitious fin,0,0,0.012,True
8470,Software Engineer CloudRunner I/O is a complete IT auto,0,0,0.006,True
11284,"Digital Procurement Assistant At Hayes-Corp, we create ",0,0,0.022,True
15762,Director of Partnerships Founded in 2010 by a team from,0,0,0.0,True
16295,Ruby / Rails Developer  Contentful (#URL_0252efddcbc4b8,0,0,0.0,True
12193,Head of Digital and Social Marketing DICE gets fans the,0,0,0.0,True
15961,Military Veterans Wanted for Solar Sales Advisor Empowe,0,0,0.018,True
3766,Marketing/Operations Intern  LSM has been referred to a,0,0,0.032,True
3361,"Producer, Vietnamese Service Applied Memetics LLC is a ",0,0,0.0,True
7947,Account Manager Conversocial is a social customer servi,0,0,0.034,True
1948,Structured Finance Associate  Special Counsel’s Charlot,0,0,0.04,True
4216,Product Manager The Financial Clinic was founded in 200,0,0,0.004,True
1271,Customer Support Intern  We’re an exciting software sta,0,0,0.062,True
12224,Customer Service Associate AboutPPD Partners provides E,0,0,0.022,True
14330,HR Operations Assistant Shapeways is the leading 3D pri,0,0,0.146,True
9637,Content Marketing Manager Brazilian Portuguese Babbel e,0,0,0.004,True
14684,Production Supervisor - Major States We Provide Full Ti,0,0,0.03,True
14359,Regional Inside Sales Representative We Provide Full Ti,0,0,0.008,True
7213,Internet Sales Director We are a family run business th,0,0,0.02,True
8568,J.P. Morgan - CIB Tehcnology - Credit Analytics Risk an,0,0,0.008,True
16933,Middleweight Graphic Designer with Digital Expertise Za,0,0,0.012,True
10866,Customer Service Associate - Part Time Novitex Enterpri,0,0,0.0,True
15436,Assistant General Counsel and Loan Operations Specialis,0,0,0.006,True
6006,Engineering Manager - Project Engineering Exp - Houston,0,0,0.008,True
6116,Buyer We Provide Full Time Permanent Positions for many,0,0,0.0,True
3053,"Senior Designer As augmented reality jobs go, one at Bl",0,0,0.0,True
11613,TELESALES Agents Established on the principles that ful,0,0,0.012,True
875,Pharmaceutical / Compound Sales Representative- Multipl,0,0,0.0,True
509,Customer Service Associate Novitex Enterprise Solutions,0,0,0.002,True
4905,Sales Representative  We are currently seeking advertis,0,0,0.024,True
12026,IT Security Analyst We Provide Full Time Permanent Posi,0,0,0.0,True
7116,CLASS A TRUCK DRIVERS  Looking to hire 3-4 Class A truc,0,0,0.012,True
11944,"VP, Sales and Sponsorship (Social Media Start Up!)  #UR",0,0,0.01,True
533,Partner Manager About the CompanyAviary makes the world,0,0,0.0,True
10447,Growth Marketing Expert Avocarrot is a native mobile ad,0,0,0.002,True
13455,Contracts Associate Who are We?Aya Healthcare is a top ,0,0,0.0,True
15796,Junior Web Application Developer (Node.JS) Can data be ,0,0,0.0,True
2238,Account Executive HealthCare California is a locally-ow,0,0,0.034,True
3654,Lead Instructor: iOS Development About us:Bitmaker Labs,0,0,0.0,True
7244,SENIOR DIGITAL DESIGNER Bonsey Jaden is a new partnersh,0,0,0.008,True
7124,Online Marketing Analyst ding* is the world’s largest t,0,0,0.0,True
12548,Human Resources Manager We Provide Full Time Permanent ,0,0,0.0,True
6661,Sales Partner Mission Statement: We are a community of ,0,0,0.002,True
5107,"International Broadcaster, Armenian Language Applied Me",0,0,0.0,True
3195,Crane Operator - Rig Up/Down (Oil & Gas) Valor Services,0,0,0.002,True
7507,Design Intern Brainbow is a London-based startup founde,0,0,0.002,True
4722,International Delivery Manager As augmented reality job,0,0,0.002,True
10952,Dutch Market Developer for Uniplaces.com We are an inte,0,0,0.006,True
11737,Customer Service Team Lead Novitex Enterprise Solutions,0,0,0.0,True
12744,Business Manager Squiz is one of the world's leading we,0,0,0.004,True
7163,Graduates: English Teacher Abroad (Conversational) We h,0,0,0.0,True
13131,Administrative Assistant Valor Services provides Workfo,0,0,0.066,True
10251,Kitchen manager/Chef Established on the principles that,0,0,0.062,True
12022,"Online Marketing Manager - Customer Acquisition, CRM & ",0,0,0.046,True
6604,Occupational Therapist Skilled Nursing Facility Supply ,0,0,0.018,True
10605,New Product Development Project Leader We Provide Full ,0,0,0.002,True
12535,Program Director (Seneca Center) Crossroads Treatment C,0,0,0.006,True
17374,"Caregiver/Home Care Aide Berrien Springs ""Our mission t",0,0,0.014,True
5684,Chief Technical Officer Gelato Group is a SaaS company.,0,0,0.0,True
2571,Business Development ReadyCache is a premier fast growi,0,0,0.018,True
6464,Front End Developer Baremetrics (#URL_818d0992c7cb169e1,0,0,0.076,True
8630,Technical Lead MediaMonks is the biggest creative digit,0,0,0.004,True
10186,Account Executive  To represent PROENZA SCHOULER - coll,0,0,0.026,True
13729,PR/Marketing Specialist  Intersog is a Chicago-based pr,0,0,0.028,True
16636,Sales Representative  Work with a company that is focus,0,0,0.056,True
16503,"Recruiter (Digital, Internet, Tech, Mobile) At Hayes-Co",0,0,0.006,True
528,"Receptionist Novitex Enterprise Solutions, formerly Pit",0,0,0.0,True
5015,Planner / Scheduler Morgann Price is a leading provider,0,0,0.112,True
581,Mobile and Web Developers  Do you know what you want?Yo,0,0,0.032,True
8606,Schneider National - Pricing Analyst Pricing Recruiters,0,0,0.038,True
12966,Head of Product Design Vend is looking for some awesome,0,0,0.0,True
4576,Technical Recruiter Intercom (#URL_cb674f93cbcd215a3a0a,0,0,0.0,True
7123,Volunteers needed to help children in Thailand  The Int,0,0,0.108,True
7449,Digital Project Manager (Agency / causes that matter) I,0,0,0.0,True
9480,Campaign Assistance (part-time incl. weekends) Fabrily ,0,0,0.0,True
11925,Sr. Network Engineer i-Recruit LLC is one of the leadin,0,0,0.078,True
13915,Sales Manager Dice is a highly specialized online marke,0,0,0.006,True
14871,Beauty & Fragrance consultants needed Established on th,0,0,0.0,True
10602,HR Specialist Our CompanyAdcash® is an international ad,0,0,0.004,True
397,UI Engineer Kin is a hosted HR management app used by s,0,0,0.002,True
4425,Sales Manager Spain About the CompanyWe are ticketscrip,0,0,0.0,True
10937,"Technology Sales Representative, IT Services Company St",0,0,0.008,True
11670,Marketing Principal We’ve built revolutionary technolog,0,0,0.0,True
4336,Product Designer Filisia creates interactive interfaces,0,0,0.062,True
793,"Junior Account Executive - Redlands, CA Our passion for",0,0,0.002,True
12523,Medical Program Coordinator - Home Assistance Coordinat,0,0,0.036,True
17457,Birmingham Apprenticeships Under NAS 16-18 Year Olds On,0,0,0.0,True
17817,CSR  Now hiring CSR / Advertising representatives to wo,1,0,0.13,False
7701,BizDev and sales  Business development and sales for a ,0,0,0.108,True
9270,Customer Happiness Hero If working in a cubical seems l,0,0,0.012,True
6522,Brand & Logo Design Contest!!! Insight Riot! is a Digit,0,0,0.164,True
17716,Sales associate Home Security  Sales (inside/outside)Da,1,0,0.068,False
2359,Office Manager (Athens) Daily Secret is one of the fast,0,0,0.016,True
17068,Peoplesoft HCM Functional Lead  Position Title: PeopleS,0,0,0.05,True
2418,"Digital Marketing Coordinator Founded in 1999, PowerCho",0,0,0.002,True
14810,Chief Financial Officer Flite delivers ad innovation at,0,0,0.014,True
7729,Product Analyst Intercom (#URL_cb674f93cbcd215a3a0a57a8,0,0,0.0,True
2723,Client Services and Traffic Manager - Web Agency PINT i,0,0,0.002,True
163,Customer Service Associate - Data Entry Novitex Enterpr,0,0,0.002,True
11255,Now Hiring Inbound Sales Representatives Delivering sup,0,0,0.0,True
8623,Vice President of Finance Human capital is usually the ,0,0,0.004,True
2001,Associate The Up Group is the destination for leading g,0,0,0.008,True
2626,Campaign Manager Upstream’s mission is to revolutionise,0,0,0.0,True
2033,Human Resources Manager Valor Services provides Workfor,0,0,0.002,True
5411,Account Executive : Web and Application Development PIN,0,0,0.012,True
11184,Graduates: English Teacher Abroad We help teachers get ,0,0,0.0,True
8244,CTO Maguru helps small businesses get more customers th,0,0,0.0,True
9142,Beauty & Fragrance consultants needed Established on th,0,0,0.0,True
13292,Merchandising Manager The RealReal is changing the way ,0,0,0.0,True
17517,Cash Job Opportunity To Immediate Start.  Cash Job Oppo,1,1,0.956,True
8368,QA Engineer - OptionsAway The story of the Great Chicag,0,0,0.016,True
15416,Truck Driver - CDL Truck Driver - Truck Driving Jobs Ha,0,0,0.0,True
5998,Developer Intern  Ginkgotree is changing the way course,0,0,0.006,True
14005,Event Specialists We are a digital marketing agency wit,0,0,0.006,True
165,Sales and Marketing Intern Digital Shadows is a cyber t,0,0,0.008,True
10169,Customer Service Associate Novitex Enterprise Solutions,0,0,0.0,True
9328,"Senior Software Engineer, Production Engineering Interc",0,0,0.0,True
6469,Sr. Data Engineer  Be part of an innovative team workin,0,0,0.038,True
6552,Optician  Are you an optician looking for a family envi,1,1,0.628,True
7393,Systems Administrator (Linux) ding* is the world’s larg,0,0,0.0,True
2180,Quality Assurance Engineer  Jr. QA EngineerExperience :,0,0,0.006,True
9897,"Software Engineer You're youthful, tech savvy and open-",0,0,0.032,True
1384,Dry Dock Forklift Operator - Full Time With over 30 yea,0,0,0.002,True
14094,High School Economics Teacher The Albany Charter School,0,0,0.0,True
14129,css specialist Greek Villas is a startup running out of,0,0,0.032,True
241,Investor Sales Analyst MarketInvoice is one of the most,0,0,0.004,True
9327,Senior Electrical Engineer  RESPONSIBILITIES:This posit,0,0,0.022,True
4506,"Graphic Artist, Creative Services Division (English) Ap",0,0,0.0,True
17614,Junior Sales Rep  Apply using below link#URL_c04b2229c8,1,0,0.14,False
14008,DevOps Engineer  Wikispaces is looking for a DevOps Eng,0,0,0.024,True
4952,PHP/LAMP Developer MarketInvoice is one of the most hig,0,0,0.01,True
4094,Sales Development Rep (Consumer Electronics) NuORDER is,0,0,0.03,True
4610,Product Manager  It's fun to work in a company where pe,0,0,0.054,True
8291,Senior Back-End Developer  Wiget Media is an online adv,0,0,0.028,True
14898,Fullstack Django Developer Founded at the beginning of ,0,0,0.0,True
10645,English Teacher Abroad We help teachers get safe &amp; ,0,0,0.0,True
943,"Operations Manager, Asia Tile is one of the most succes",0,0,0.01,True
10084,Customer Service Technical Specialist Novitex Enterpris,0,0,0.002,True
3774,Work from Home Executive Income and Lifestyle We are lo,0,0,0.008,True
5576,Home Carer (Personal Assistant) Social Care Alba is the,0,0,0.014,True
9888,Warehouse Technician The RealReal is changing the way p,0,0,0.004,True
5370,"Electrical Engineer - San Bernardino, CA - Permanent Po",0,0,0.02,True
5252,.Net Developer Richard Faint: Research &amp; Consultanc,0,0,0.018,True
13233,Talent Management Process Manager We Provide Full Time ,0,0,0.0,True
14101,Seeking Security Officers With D license  Blackwater Ag,0,0,0.066,True
13614,Director of Sales Maker’s Row is an online marketplace ,0,0,0.002,True
12619,"Major Account Executive- Philadelphia, PA. CareerStarte",0,0,0.008,True
12839,"Translation Specialist Our team is made of designers, p",0,0,0.0,True
1228,Sales Manager  We are looking to grow our fabulous sale,0,0,0.052,True
701,English Teacher Abroad We help teachers get safe &amp; ,0,0,0.0,True
7863,SVP Commercial Operations / COO Adbrain is at the foref,0,0,0.0,True
2729,Visa Specialist VisaHQ hires a diverse and internationa,0,0,0.058,True
9642,Peterborough Beauty/Fragrance Staff Needed Established ,0,0,0.0,True
9580,Linux System Administrator WebLinc is the e-commerce pl,0,0,0.0,True
5682,Web and Application Sales Representative PINT is a lead,0,0,0.0,True
3994,Senior Web Analyst (Digital Marketing) Mindworks intera,0,0,0.0,True
16067,Account Executive Namely is the leading end-to-end HR a,0,0,0.014,True
14297,Operations Support Representative Outstanding Member Se,0,0,0.074,True
14637,"North East Health and Social Level 2, 3 and 5 Assessors",0,0,0.0,True
11857,Swindon Logistics Apprentice/Warehousing Apprenticeship,0,0,0.01,True
17093,"Front Desk Clerk The Central California SPCA (CCSPCA), ",0,0,0.008,True
10116,"UI/UX Expert, Designer & Front-End Developer Crypteia N",0,0,0.0,True
12573,Beauty & Fragrance consultants needed Established on th,0,0,0.0,True
4639,French Producer Applied Memetics LLC is a professional ,0,0,0.0,True
13154,Configuration Management Engineer Want to be part of a ,0,0,0.004,True
6356,Writer/analyst for the UK The Advanced Interactive Medi,0,0,0.0,True
17387,Full Time Bookkeeper / Accounting Assistant Growing eve,0,0,0.012,True
3854,"Video Journalist, Mandarin Service Applied Memetics LLC",0,0,0.0,True
1355,Requirements Analyst Upstream’s mission is to revolutio,0,0,0.002,True
15696,Director of Learning Vend is looking for some awesome n,0,0,0.0,True
6400,Macintosh Field Tech  Macintosh computer support profes,0,0,0.036,True
7822,"Outside Sales Professional-Neenah ABC Supply Co., Inc. ",0,0,0.0,True
16421,Insurance Sales Representative Symmetry Financial Group,0,0,0.0,True
16418,Accountant We Provide Full Time Permanent Positions for,0,0,0.028,True
13462,"Software Developer C#.Net, SQL At Smart Data Systems we",0,0,0.004,True
5980,iOS Developer Training FirstBeatMedia is a fast growing,0,0,0.08,True
17365,SAP BW Sr. Developer Visual BI is one of the leading an,0,0,0.0,True
17733,Payroll Processor Entry Clerk Position - $50/Hr  Prepar,1,1,0.634,True
1436,Physical Occupational Therapy Case Manager-Field Clinic,0,0,0.008,True
10912,Maintenance Mechanic Niacet is a leading producer of or,0,0,0.0,True
10032,Ruby Engineer We’re always looking for highly motivated,0,0,0.0,True
3449,Account Executive  We are seeking a bright Individual t,0,0,0.052,True
1196,VP Marketing Want to build a 21st century financial ser,0,0,0.012,True
150,Web Developer Yazamo is a rapidly growing digital lifec,0,0,0.002,True
14243,Beauty & Fragrance consultants needed Established on th,0,0,0.0,True
15252,Performance Sales Manager - Direct Mobile and Desktop B,0,0,0.008,True
15381,Care Workers Carr Gomm is one of Scotland’s leading car,0,0,0.004,True
14548,Java Developer  Position: Java DeveloperLocation: Bosto,0,0,0.03,True
16030,Security Analyst Leapfrog Services provides managed IT ,0,0,0.004,True
11297,Warehouse / Operations Assistant Growing event producti,0,0,0.016,True
15798,Customer Support Star Vend is looking for some awesome ,0,0,0.0,True
4790,Senior ASP.NET Web Developer Roland &amp; Associates is,0,0,0.024,True
7903,"UNIX Admin with Solaris 10  Hi, Hope it's a great day, ",0,0,0.04,True
12266,Marketing Internship Playfair Capital is an early stage,0,0,0.016,True
4509,"Producer, Hausa Language Applied Memetics LLC is a prof",0,0,0.0,True
15550,"Copywriter (Contract Position) We’re Digital Telepathy,",0,0,0.01,True
12377,SQL Server Developer  Need profile with good financial ,0,0,0.036,True
7871,Solutions Architect-Network Planning Cigniti Inc. is a ,0,0,0.012,True
2128,Office Manager (50-100%) LHBS is an unconventional stra,0,0,0.0,True
8294,Graduates: English Teacher Abroad (Conversational) We h,0,0,0.0,True
14759,M5 4QH Trainee Resourcer Role/Business Admin Apprentice,0,0,0.008,True
17778,Director of Nursing  Apply using below link#URL_4160524,1,0,0.178,False
14974,Interested in working at FQ540? Frequency540 (FQ540) is,0,0,0.078,True
13472,Investment Banking Associate  Minimum 2yrs of Experienc,0,0,0.022,True
11335,"Support Specialist (Caregiver), Weekdays United Cerebra",0,0,0.002,True
14116,UX specialist and Designer  The job is to build a proto,0,0,0.056,True
141,Customer Service Associate Novitex Enterprise Solutions,0,0,0.0,True
3407,Software Engineer Mediascape is a software development ,0,0,0.004,True
4389,Hotel Guest Service Agent At Holiday Inn Express Sping ,0,0,0.05,True
1922,Data entry  Data Entry ClerkData Entry Clerk Job Purpos,1,0,0.284,False
3543,English Teacher Abroad We help teachers get safe &amp; ,0,0,0.0,True
15364,"QA QC Analyst Horizon Software International, LLC is an",0,0,0.008,True
6829,Temp Outbound Telesales (Oldham)  #URL_3bd5deb27e3f065d,0,0,0.106,True
782,Chauffeur and Personal Concierge Essence London is a me,0,0,0.016,True
12200,Driver - Light Duty (Hayward) Our HistoryFounded in 192,0,0,0.0,True
14062,Customer Support Associate Want to build a 21st century,0,0,0.0,True
131,Milton Keynes Fragrance and Beauty Promotional Staff Es,0,0,0.0,True
2572,Head of Development: Ruby / RoR Backend hello worldtale,0,0,0.0,True
7106,English Teacher Abroad We help teachers get safe &amp; ,0,0,0.0,True
13501,"UK Market Developer (paid, full-time internship) We are",0,0,0.004,True
13022,Quality Assurance Manager We Provide Full Time Permanen,0,0,0.0,True
15170,Senior Web Developer Imperative is a movement to evolve,0,0,0.002,True
8086,Senior Drupal Developers Awesome Open Source ResultsSin,0,0,0.006,True
13537,"SR Programmer Analyst  1.Experience installing, configu",0,0,0.014,True
16565,Motor Rewinder Passion for God.Passion for the Philippi,0,0,0.018,True
13922,Engineering Manager - Project Engineering Exp - Houston,0,0,0.022,True
940,Oracle ETL ODI Consultant (Remote) Infolob Solutions is,0,0,0.048,True
15452,Account Manager Union is a digital marketing agency fou,0,0,0.0,True
12372,Senior Network Management Engineer Equinix is the leadi,0,0,0.022,True
8831,Customer Service Associate - Part Time Novitex Enterpri,0,0,0.018,True
1682,Chef/ Kitchen Assisant  We are a local coffee shop and ,0,0,0.086,True
229,Service Desk (Help Desk/ Desktop Support) Tier 1/2 - He,0,0,0.028,True
16520,Contact Center Representatives Tidewater Finance Co. wa,0,0,0.0,True
16706,Creative Digital Copywriter Tribal Worldwide Athens is ,0,0,0.016,True
9213,Graduates: English Teacher Abroad (Conversational) We h,0,0,0.0,True
15928,Administrative Positions  Compensation: $18.00 per hour,1,0,0.454,False
8981,Customer Service Associate Novitex Enterprise Solutions,0,0,0.0,True
6753,Buying Intern We’re on a mission to create Europe’s go-,0,0,0.0,True
13097,Mgd Services Field Engineer / Solution Specialist Syner,0,0,0.002,True
3071,UX Designer Acknowledgement helps brands and organisati,0,0,0.002,True
3471,"HVAC and Electrical Helpers - $1,000 Bonus Available Ha",0,0,0.002,True
9893,"Labor & Delivery Staff Nurse (North of Morgan City, LA)",0,0,0.048,True
982,"Lead Community & Marketing Coordinator Meet cove, a net",0,0,0.002,True
14566,"UX Designer We experiment with new digital products, re",0,0,0.004,True
16845,Business Developer  Identifies trendsetter ideas by res,0,0,0.042,True
17222,Test Engineer EROAD was established to modernise New Ze,0,0,0.002,True
4169,BIOMEDICAL EQUIPMENT TECHNICAN  St Francis Hospital in ,0,0,0.19,True
2903,Office Clerk - Criminal Justice (Downtown) Pardon Servi,0,0,0.048,True
14950,Training Manager - Production  1. Training DevelopmentI,0,0,0.266,True
9053,Graduates: English Teacher Abroad (Conversational) We h,0,0,0.0,True
7982,Back-end/Full Stack Developer  The web's premiere desti,0,0,0.09,True
1765,Receptionist/ Problem Solver Playfair Capital is an ear,0,0,0.036,True
16910,"Promotions / Marketing Assistant LEI Home Enhancements,",0,0,0.0,True
3444,"Writer, Vietnamese Language Applied Memetics LLC is a p",0,0,0.0,True
10459,Training & Quality Development Facilitator Tidewater Fi,0,0,0.0,True
5444,Executive Chef Le Meridien is situated in the heart of ,1,1,0.884,True
15654,VFX Artist Space Ape Games is an Award Winning Mobile/S,0,0,0.0,True
9521,Data Engineer Bandsintown is a digital media company po,0,0,0.04,True
8238,"Software Engineering Intern We design, build, sell, and",0,0,0.002,True
8382,English Teacher Abroad We help teachers get safe &amp; ,0,0,0.0,True
6599,Sr. Electrical Engineer StepBeyond Solutions Inc. Talen,0,0,0.02,True
7827,Senior Developer/Asset Management  Must have working kn,0,0,0.014,True
17293,Talent Manager Intercom (#URL_cb674f93cbcd215a3a0a57a86,0,0,0.004,True
974,Head of Online Marketing (m/w) hello worldtalents23_ dr,0,0,0.0,True
7473,franciscan st. francis health  Apply using below link#U,1,0,0.24,False
1584,Domiciliary care  Domiciliary Care Manager Position Mai,0,0,0.072,True
412,Linux System Administrator  UnoTelly is a DNS &amp; VPN,0,0,0.0,True
11930,Technical Support Analyst - VIP Event Posting Since 198,0,0,0.03,True
8754,Bilingual(English/Spanish) Certified Nursing Assistant ,0,0,0.004,True
16970,Customer Service - Work From Home  Do you have 1+ year ,0,0,0.074,True
1677,Business Development Associate Bluebridge was created b,0,0,0.004,True
4996,Customer Service Associate - Part Time Novitex Enterpri,0,0,0.002,True
8047,Senior Ruby Developer Planning Center Online has been m,0,0,0.006,True
160,"Field Services Supervisor Dairy, food and beverage proc",0,0,0.03,True
16027,"Content & Social Media Strategist EVH is a fashion, lif",0,0,0.004,True
8852,General Construction/General Labor Empower America is m,0,0,0.0,True
659,Senior SharePoint Architect EUROPEAN DYNAMICS (#URL_c66,0,0,0.0,True
12795,Receptionist Century 21 Martinez &amp; Associates has b,0,0,0.036,True
1515,CUSTOMER SUPPORT ASSOCIATE - ENGLISH/ Want to build a 2,0,0,0.0,True
11834,Digital Sales Planner JUICE Mobile is an award-winning ,0,0,0.0,True
17572,Home Based Typist (Full/Part Time)  Are you looking for,1,0,0.416,False
460,Middle School Spanish Teacher The Albany Charter School,0,0,0.002,True
14488,Program Manager Come be a part of one of the fastest gr,0,0,0.002,True
14790,"Research Assistant (Digital, SaaS, Internet, Mobile) At",0,0,0.004,True
12554,BI Publisher Developer  Position : BI PublishersLocatio,0,0,0.054,True
4650,Make Easy Money at Home DMT Instant Reward. We are Hiri,1,0,0.08,False
11650,UX Designer Network Locum is a disruptive healthtech st,0,0,0.0,True
10049,Juniper Sr. Network Engineer Infolob Solutions is a lea,0,0,0.01,True
17168,Senior Ruby on Rails Developer  As a Senior Developer y,0,0,0.016,True
6214,VP of Customer Success Do you want to help people be mo,0,0,0.0,True
12462,Front-End Designer / Developer Who are we?Creators Lab ,0,0,0.0,True
10346,Cosmetic and Fragrance position Established on the prin,0,0,0.0,True
8853,Sales Leader - Healthcare Veterans SpotSource Solutions,0,0,0.0,True
5603,Mobile Product Manager Want to build a 21st century fin,0,0,0.0,True
15619,PR Account Executive Epikinonia is a Consulting Company,0,0,0.038,True
7102,"Free application Founded at the beginning of 2013, the ",0,0,0.02,True
6579,Product Manager-Revenue  A fantastic opportunity has ar,0,0,0.05,True
5871,Sales Director - Replise US Operations Replise was star,0,0,0.0,True
10435,Customer Service Team Lead Novitex Enterprise Solutions,0,0,0.0,True
3814,Software Engineer  #URL_c914851eb385d8c6471d602008fc4e8,0,0,0.002,True
12041,Project Manager Did you know that we are one of the lar,0,0,0.054,True
17866,"Post Production Editor Stories by RELFrom 5,000 feet, w",0,0,0.016,True
12210,Statistician Real Time Machine Learning: We are develop,0,0,0.07,True
703,JAVA developer EUROPEAN DYNAMICS (#URL_c66532ffa1ce76ab,0,0,0.0,True
16464,Front-End Developer WebLinc is the e-commerce platform ,0,0,0.0,True
9222,Wakefield Social Media Apprenticeship Under NAS 16-18 Y,0,0,0.0,True
1874,Senior Software Engineer (iOS) Come be a part of one of,0,0,0.0,True
2089,Junior Case Handler (3 to 6 months - fixed term/contrac,0,0,0.0,True
11658,Front-end Developer Want to build a 21st century financ,0,0,0.002,True
2933,Software Developer 100mentors answers the question: «Wh,0,0,0.0,True
15887,Interaction Designer (UX) - New York ustwo offers you t,0,0,0.0,True
13907,Content Marketing Manager Indicative is changing the wa,0,0,0.012,True
12977,Junior Web Designer Company Website: #URL_b0bc289d014ce,0,0,0.002,True
13110,Controller Declara is focused on bringing data to life.,0,0,0.006,True
6842,"Director of Operations (Chicago) At Atlas Lift Tech, sa",0,0,0.0,True
17505,"QA Consultant We're an emerging technology agency, and ",0,0,0.024,True
11108,CA2 5EQ Business Admin Apprenticeship available under N,0,0,0.0,True
9167,Mobile Developer Cohaesus is a trusted partner to the w,0,0,0.0,True
6861,SAP-MM-Materials Management Collabera is a fast growing,0,0,0.0,True
3220,Associate Business Development  Want to build a career ,0,0,0.0,True
6191,On-Premise Deployment Engineer Market Logic is changing,0,0,0.004,True
9630,Internships About the CompanyAviary makes the world’s b,0,0,0.0,True
1846,Bartender in the airport ClarusApex is an international,0,0,0.002,True
16308,Renewable Energy Consultant Millionaires In Training Re,0,0,0.016,True
16048,Entry Level PHP / MySQL / HTML / CSS Coders Needed  Den,0,0,0.02,True
13880,Community Manager Intern Cookisto is a trusted communit,0,0,0.002,True
2908,"PPC and Analytics Specialist We are a young, dynamic, f",0,0,0.0,True
4246,"Hotel Maintenance Tech Quality accommodations, exceptio",0,0,0.002,True
1747,Software Engineer We Provide Full Time Permanent Positi,0,0,0.0,True
8624,Construction Superintendent  Job OverviewApex is an env,0,0,0.004,True
1983,Mobile Developer schooX is a Social Academy where anyon,0,0,0.004,True
7152,Data Scientist Offerial is a hospitality technology sta,0,0,0.002,True
2074,Growth Analyst Want to build a 21st century financial s,0,0,0.0,True
2821,Marketing / Sales Representative Tidewater Finance Co. ,0,0,0.0,True
11020,Tech Lead (PHP/WordPress) Inc42 is a technology focused,0,0,0.002,True
14606,Curator Daily Secret is one of the fastest growing digi,0,0,0.0,True
8982,Recruiter / Sourcer Valor Services provides Workforce S,0,0,0.0,True
7648,Technical Project Manager Declara is focused on bringin,0,0,0.008,True
1626,Software Engineer (iOS/Android/Backend) Highlight is a ,0,0,0.01,True
396,IT System Engineer  SERVER ADMINISTRATORDo you want to:,0,0,0.034,True
16445,Senior Product Manager Farmigo is a mission-driven star,0,0,0.006,True
11975,"Python Lead Developer Job opportunity at Long Island, N",0,0,0.05,True
7908,Senior Ruby Developer BorrowMyDoggy is an online commun,0,0,0.0,True
4244,"Manager, Global eCommerce & Digital Marketing  The Glob",0,0,0.03,True
1612,Vertica DBA WHO WE ARE? MILLER &amp; ASSOCIATES IS AN E,0,0,0.0,True
5418,sales Associate  SALES ASSOCIATES - CHANGE YOUR LIFE Un,1,0,0.126,False
3630,Sector Sales Manager - Saudi Arabia Thanks for visiting,0,0,0.0,True
8054,Customer Service Associate - Part Time Novitex Enterpri,0,0,0.0,True
6315,"Good people we've talked to Based in Houston, Texas, Pa",0,0,0.028,True
12915,Machine Maintenance Technician  Our client has castings,0,0,0.138,True
15875,Receptionist Indianapolis eye doctors since 1940 and no,0,0,0.012,True
11690,Maintenance Technician We Provide Full Time Permanent P,0,0,0.0,True
15738,"Web Developer As augmented reality jobs go, one at Blip",0,0,0.0,True
1419,Staffing Support Professional  Armor People Link is cur,0,0,0.034,True
8895,INSTALLERS NEEDED  We are seeking motivated individuals,0,0,0.094,True
11594,"Senior Software Engineer (PHP, JS) Neverbland is a team",0,0,0.006,True
8462,DevOps Engineer CloudRunner I/O is a complete IT automa,0,0,0.002,True
13773,Internship Programme (The Rookie!) Our team is carefull,0,0,0.004,True
10643,Reception/ FOH  Our clients are looking for reliable pr,0,0,0.388,True
8588,Safety Manager Shirley Parsons LLC is a specialist recr,0,0,0.028,True
15338,English Teacher Abroad (Conversational) We help teacher,0,0,0.0,True
12693,Bid Collection Specialist All American classics is a le,0,0,0.012,True
8390,Telemarketers Needed We are a digital marketing agency ,0,0,0.022,True
11385,.NET Developer We Provide Full Time Permanent Positions,0,0,0.024,True
10373,Communications Security Tech Tel Tech Networks is a Voi,0,0,0.002,True
9136,Freelance // Content Specialist At LendInvest fundament,0,0,0.002,True
11126,Customer Service Associate - Part Time Novitex Enterpri,0,0,0.0,True
3156,Digital Media Sales Representative Applied Memetics LLC,0,0,0.008,True
15489,Software Engineer SnapStream is powerful television sea,0,0,0.0,True
9029,Business Development Manager - Tangiblee (Techstars Com,0,0,0.002,True
6965,Pipe Foreman Valor Services provides Workforce Solution,0,0,0.004,True
2692,LPN-PRN contract MRSI is a nonprofit organization estab,0,0,0.02,True
17811,"Agency Sales Managers $150-$175,000/yr We have aggressi",1,1,0.932,True
11888,Mechanical Engineer We Provide Full Time Permanent Posi,0,0,0.0,True
13633,"Quality Analyst - Oracle EBS  Location: San Antonio, TX",0,0,0.032,True
11988,Junior Market Analyst with Italian Our team is carefull,0,0,0.006,True
17531,Data Entry Admin/Clerical Positions - Work From Home  A,1,1,1.0,True
8380,Need Oracle Fusion HCM Resource Infolob Solutions is a ,0,0,0.002,True
16444,Assistant Store Manager- London Area Luxury British coc,0,0,0.0,True
1061,Quality Assurance Engineer RhodeCode provides the leadi,0,0,0.014,True
6161,TECHNICAL SUPPORT REPRESENTATIVE  ONE DAY HIRING TOMORR,0,0,0.092,True
11018,"VP, Human Resources  As a member of our management team",0,0,0.074,True
16345,Electrical Maintenance Technician We Provide Full Time ,0,0,0.0,True
4628,"Caregiver/HHA/CNA- Watervliet/Hartford ""Our mission to ",0,0,0.0,True
17530,Casual job/Immediate start  Looking for work?We are loo,1,0,0.31,False
4835,"TV Video Editor I, Cantonese Service Applied Memetics L",0,0,0.0,True
16597,Human Resources Recruiter (45K-60K) LEI Home Enhancemen,0,0,0.002,True
12986,"Customer Experience Partner Shippers Supply, Inc., foun",0,0,0.034,True
1683,Business Intelligence Developer #URL_c379aa631173ed5b7c,0,0,0.002,True
979,Content & Marketing Expert We Build Great CompanieseFou,0,0,0.0,True
15007,"Lead Web Developer (full stack) Meet cove, a network of",0,0,0.0,True
6008,Inside Sales Rep SEK Solutions is driven to be the #1 s,0,0,0.05,True
1008,Accounting Clerk-Dealership Stokes Automotive Group-Bea,0,0,0.042,True
15947,"Agronomic Data Scientist Working at FBNAt FBN, we put f",0,0,0.012,True
4832,Senior Engineering Product Manager Aptitude Staffing So,1,1,0.956,True
1788,Inventory Analyst Do you have an entrepreneurial mindse,0,0,0.074,True
3281,Customer Service Associate - Part Time Novitex Enterpri,0,0,0.0,True
5239,Oracle Techno-Functional Consultant ValleySoft is a fas,0,0,0.002,True
11085,Customer Service Associate Novitex Enterprise Solutions,0,0,0.022,True
7112,SAP BW LEAD CONSULTANT Visual BI is one of the leading ,0,0,0.0,True
3227,Android Developer We're a Pune based company which spec,0,0,0.002,True
15082,Front End Developer  Do you want to help craft a produc,0,0,0.052,True
5560,Senior Producer / Project Manager AREA 17 is an interac,0,0,0.0,True
1716,Wanted Sales Management Trainees We are a family run bu,0,0,0.058,True
16016,Regional Sales Director - North East Cylance is a globa,0,0,0.008,True
10322,Intern to CEO We are a PR and social media agency that ,0,0,0.006,True
7860,Developers Vend is looking for some awesome new talent ,0,0,0.002,True
7173,Senior Java Developer Team Lead  Title:Senior Java Deve,0,0,0.016,True
5909,Sales Manager #URL_34286c10051846678bf145d16d45b35cbe2a,0,0,0.006,True
14083,"Graphic Artist, English Service Applied Memetics LLC is",0,0,0.0,True
17788,Administrative Specialist II  Find more jobs at #URL_47,1,0,0.234,False
14447,Frontend Web Developer We are a startup digital agency ,0,0,0.002,True
5702,Copywriter (Gunner) Ahoy there adventurer! Join us aboa,0,0,0.0,True
7242,Embedded Systems Developer Come on in.Welcome to August,0,0,0.004,True
14697,"Winter Associate Our work at HPS is collaborative, cent",0,0,0.002,True
3614,"Agency Sales Managers $150-$175,000/yr We have aggressi",1,1,0.994,True
16508,Clinical Research Associate (Ophthalmology) Optimal Bus,0,0,0.0,True
8444,Sonographer Diagnostic Health deploy and manage high qu,0,0,0.004,True
1872,Community Manager BaaSSocial Media Marketing with Intel,0,0,0.0,True
4504,Junior IT Helpdesk Administrator Upstream’s mission is ,0,0,0.0,True
14647,Back-end Developer We are a creative agency for the her,0,0,0.0,True
17362,Customer Success Associate We launched Involvio as stud,0,0,0.0,True
3098,Regional Sales Manager Quiénes SomosSomos una firma mex,0,0,0.002,True
9080,Customer Service Associate - Part Time Novitex Enterpri,0,0,0.002,True
3608,"Account Sales Managers $80-$130,000/yr We have aggressi",1,1,1.0,True
10810,Front-End Developer SilverStripe CMS &amp; Framework is,0,0,0.0,True
13695,UX/UI Designer Our mission is to optimize the first scr,0,0,0.002,True
3567,"Executive Assistant A letter from Kimberly Yorio, Found",0,0,0.008,True
6170,Operations Engineer SaaS Market Logic is changing the w,0,0,0.004,True
1949,Associate Business Development  Want to build a career ,0,0,0.002,True
11838,"Sales Analyst  Vaadin is a creative, startup-like compa",0,0,0.012,True
14441,Dance Instructor The Albany Charter School Network is a,0,0,0.0,True
5781,User Analytics Associate Glide was founded in 2012 by A,0,0,0.022,True
7464,Project Manager Evangelist WHAT WE DOWe create informat,0,0,0.01,True
12920,Senior Financial Analyst For over 20 years NAC Marketin,0,0,0.006,True
13704,Mortgage Loan Processor One Zero Capital is an investme,0,0,0.026,True
17090,Software Engineer for Games At Total Eclipse we create ,0,0,0.0,True
1977,Product Manager Want to build a 21st century financial ,0,0,0.01,True
14219,Senior Front End Engineer nakedhearts is an ambitious a,0,0,0.0,True
16986,"Sales Lead Generator LEI Home Enhancements, is an Ohio ",0,0,0.0,True
9543,Sous Chef Needed!  Sous Chef needed at a very high end ,0,0,0.066,True
7478,Launceston Recruitment Apprenticeship Under NAS 16-18 Y,0,0,0.0,True
3692,Full-stack web developer  We believe we can bring the w,0,0,0.028,True
3828,Data Scientist (Part-Time) Offerial is a hospitality te,0,0,0.0,True
6178,Purchasing and Inventory Manager Do you have an entrepr,0,0,0.082,True
10414,Product Master Work with Team OoklaWe're good at what w,0,0,0.002,True
4043,Administrative Assistant SpotSource Solutions LLC is a ,0,0,0.006,True
16301,"Developer, iOS ustwo offers you the opportunity to be y",0,0,0.0,True
10519,Social Media Specialist We're a data and design focused,0,0,0.004,True
16378,Software Engineer and Adventurer REWARDING WORKPure tal,0,0,0.002,True
16980,Title Agent / Title Closer Network Closing Services has,0,0,0.0,True
11001,"Business Openfund is a seed investment fund, working wi",0,0,0.006,True
3456,Sales Engineer Biotechnology  IMPORTANT: TO BE CONSIDER,0,0,0.056,True
12219,Database Developer Neurocom is a software house providi,0,0,0.018,True
2355,"Senior Accountant Based in Philadelphia, Stroll is a ne",0,0,0.01,True
6588,Automotive Controls Engineer We Provide Full Time Perma,0,0,0.0,True
11587,SEO Analysis Bright Edge and Aptitude Staffing Solution,1,1,0.61,True
322,Quality Assurance Tester Searching for the perfect crea,0,0,0.016,True
4154,General/Office Manager Uni Baggage is the No.1 Student ,0,0,0.002,True
3877,Production Lead - Freeze Dry With over 30 years of expe,0,0,0.002,True
16386,Style Art Director The RealReal is changing the way peo,0,0,0.0,True
10909,Process Engineer We Provide Full Time Permanent Positio,0,0,0.004,True
8354,OUD: Applicatieontwikkelaar SummaView is een jong bedri,0,0,0.002,True
8854,Backend Developer JustUnfollow powers Twitter and Insta,0,0,0.002,True
8569,"Keep in touch We're an emerging technology agency, and ",0,0,0.09,True
10232,Part-time In-Store Assistants (Papa John's Pizza) Take ,0,0,0.0,True
2259,Back-end Developer About the CompanyWe are ticketscript,0,0,0.0,True
10154,Sale Representatives Providing luxurious menswear such ,0,0,0.0,True
218,Junior Systems Administrator Squiz is one of the world',0,0,0.0,True
10993,Customer Service Associate Novitex Enterprise Solutions,0,0,0.0,True
16417,"Field Operations Specialist Working at FBNAt FBN, we pu",0,0,0.0,True
3057,"HR Associate For more than two decades, the TRAK Compan",0,0,0.016,True
12690,NARRATIVE: Account Director We are not your average Mon,0,0,0.03,True
12477,Projektleder WHO WE AREIn2media has ever since the earl,0,0,0.0,True
7740,BI Developer  Job Summary:We are looking for an enthusi,0,0,0.058,True
2725,Crawley Fragrance/Beauty Promotional Staff Needed Estab,0,0,0.0,True
13091,Spring Public Affairs Internship Our work at HPS is col,0,0,0.008,True
11291,Web Developer WHAT WE DOWe create information systems t,0,0,0.0,True
3380,Office Manager About ECHOING GREEN: Echoing Green unlea,0,0,0.002,True
6973,Photography Internship Do you have an entrepreneurial m,0,0,0.012,True
11736,Full Stack Web developer Netotiate© is on track to fore,0,0,0.006,True
10370,Customer Service Representative Novitex Enterprise Solu,0,0,0.0,True
12368,Front End Developer  If your dream is to make this worl,0,0,0.036,True
15124,Senior Developer SilverStripe CMS &amp; Framework is an,0,0,0.0,True
15066,Senior Technical Writer Thanks for visiting our Job Boa,0,0,0.062,True
12769,IT Security Analyst We Provide Full Time Permanent Posi,0,0,0.0,True
6030,Stocker East End Food Co-op is Pittsburgh’s only member,0,0,0.024,True
1074,Cheadle Fragrance and Beauty Promotional Staff Establis,0,0,0.0,True
8617,Software Engineer - Content Recognition Friend MTS is a,0,0,0.002,True
3097,"Webmaster, English to South Sudan Service Applied Memet",0,0,0.0,True
5290,Senior Ruby on Rails Developer  Since Pilot is dynamica,0,0,0.0,True
2505,Sales account executive Mindscape is a Wellington based,0,0,0.0,True
16512,Sales Executive at Whisk.com #URL_a397afc00bff956382eec,0,0,0.002,True
5194,Service Delivery Manager 1 Novitex Enterprise Solutions,0,0,0.002,True
4472,"Program Host, Pashto Language Applied Memetics LLC is a",0,0,0.0,True
4284,"Director of Marketing HRdownloads was founded in 2008, ",0,0,0.008,True
6658,"UI/UX Product Designer, Social Media Start Up!  Busines",0,0,0.03,True
7923,Channel Account Executive US Engagor is a venture backe,0,0,0.002,True
6221,"Designer/Draftsperson Freytag &amp; Associates, Inc. is",0,0,0.008,True
7039,Walkin for Sales / Marketing Specialist  Job Descriptio,0,0,0.01,True
14472,"Home Health CNA--Arco, ID Critical Nurse Staffing, Inc.",0,0,0.0,True
14453,Software Engineer (Senior and Junior) We believe cities,0,0,0.032,True
6296,Work with us BillGuard is a personal finance security s,0,0,0.044,True
7058,"OF | UX DESIGNER, MOBILE APP @OP !!! Kettle is an indep",0,0,0.022,True
